,000,10,100,1000,12,15,20,2000,2022,2023,2024,25,30,40,50,70,90,90s,able,absolute,absolutely,according,account,act,action,actively,actual,actually,admit,affect,affected,afraid,age,ages,ago,agree,ai,air,alberta,alien,aliens,allow,amazing,america,american,americans,answer,anti,anymore,area,areas,aren,argument,art,article,ask,asked,ass,atmosphere,attention,auto,automatically,available,average,aware,away,awesome,aztec,bad,ban,based,basically,beginning,believe,believes,best,bet,better,bible,big,biggest,billion,billionaires,billions,bipedal,bit,black,blame,blaming,blue,body,book,books,born,bought,break,bring,brought,bs,bugs,build,building,built,bullshit,bunch,burn,burned,burning,business,butterflies,buy,buying,california,called,came,campaign,canada,cancer,capita,capitalism,car,carbon,care,cares,cars,case,catastrophic,cause,caused,causes,causing,century,certain,certainly,chance,change,changed,changes,changing,chart,cheap,cheaper,check,child,children,china,choice,choose,cities,city,civilization,civilizations,claim,clarkson,class,clean,clear,clearly,climate,close,co2,coal,coast,coffee,cold,collapse,com,come,comes,coming,comment,comments,communities,companies,company,completely,concerns,concrete,conditions,consequences,conservative,conservatives,consider,considering,consumption,continue,control,convinced,cool,cooling,corporations,corps,correct,cost,costs,couldn,countries,country,couple,course,cover,covered,covid,crap,crazy,create,created,creating,crime,crisis,current,currently,cut,cuz,damage,damn,dark,data,day,days,dead,deal,death,deaths,decade,decades,deep,definitely,degree,degrees,deleted,demand,democratic,democrats,denial,deniers,deny,denying,deranged,desantis,destroy,destroyed,destroying,destruction,did,didn,die,died,difference,different,direct,directly,disaster,disasters,discussion,does,doesn,doing,dollars,don,dont,doubt,drive,drop,drought,dry,dude,dumb,early,earth,easily,east,easy,eat,economic,edit,effect,effects,effort,efforts,electric,electricity,emissions,en,end,energy,enjoy,entire,entirely,environment,environmental,escape,especially,europe,european,event,events,eventually,evidence,evil,exactly,example,exist,expensive,experience,experts,explain,extinction,extreme,exxon,face,fact,facts,fake,fall,family,far,farm,faster,fault,fear,feel,fight,fighting,figure,finally,fine,fires,fix,fixed,flood,floods,florida,floridians,fly,focus,folks,follow,food,force,forest,forget,form,format,forward,fossil,france,frank,free,friend,fuck,fucked,fucking,fuel,fuels,fun,funny,future,game,garbage,gas,gates,gave,gdp,gear,generations,genuinely,german,germany,gets,getting,gif,given,giving,glad,global,god,goes,going,gone,gonna,good,gop,got,gotta,gov,government,governor,graph,great,green,greenhouse,grid,ground,group,grow,growing,growth,guess,guy,guys,habitat,half,hand,hands,happen,happened,happening,happens,hard,hate,haven,having,head,hear,heard,heat,heating,hell,help,helping,hey,high,higher,history,hit,hoax,hole,home,homes,honestly,hope,hopefully,hot,hotter,hours,house,https,huge,human,humanity,humans,hundreds,hurricane,hurricanes,ice,idea,idiot,idiots,ignorant,ignore,im,imagine,immigration,impact,impacts,important,including,increase,increasing,incredibly,india,industrial,industry,information,infrastructure,insane,insects,instead,insurance,interesting,ipcc,island,isn,issue,issues,james,jd,jesus,jet,job,jobs,joke,jpeg,just,kid,kids,kill,killed,killing,kind,kinda,knew,know,knowledge,known,knows,la,lakes,land,large,late,later,laugh,law,laws,layer,lead,leading,learn,left,let,level,levels,liberal,lie,life,light,like,likely,line,lines,list,literal,literally,little,live,lived,lives,living,ll,local,lol,long,longer,look,looking,looks,lose,loss,lost,lot,lots,love,low,lower,luntz,lying,mad,maga,main,major,majority,make,makes,making,man,management,map,market,mass,massive,material,materials,matt,matter,maybe,mean,means,media,men,mention,message,miami,middle,midwest,migrants,migration,military,million,millions,mind,model,modern,money,mongering,month,months,moron,morons,mountains,moved,movie,moving,multiple,murder,national,nations,natural,nature,near,necessary,need,needed,needs,new,news,nice,non,normal,north,northern,notice,nuclear,number,numbers,obvious,obviously,ocean,office,oh,oil,ok,old,ones,op,open,opinion,order,org,ourworldindata,ozone,painting,paintings,panels,paper,party,past,patagonia,pay,paying,peak,people,period,person,personal,pesticides,pg,picture,piece,pjpg,place,places,plan,planet,plant,plants,play,png,point,points,policies,policy,political,politicians,politicization,politics,pollution,poor,population,positive,possible,possibly,post,posted,power,ppl,predict,predicted,predictions,prepare,president,pretty,prevent,preview,price,primitive,private,pro,probably,problem,problems,process,produce,production,program,progress,project,proof,propaganda,property,protest,public,push,putting,question,questions,quickly,quite,radical,rail,rain,rate,rates,reactors,read,reading,real,reality,realize,really,reason,reasons,recently,record,red,redd,reddit,reduce,reducing,reduction,refuse,related,religion,religious,remember,reminds,removed,renewable,renewables,report,republican,republicans,research,resources,response,responsible,rest,result,results,rich,right,rise,rising,risk,ron,rules,run,russia,sad,safe,said,save,saw,say,saying,says,scale,scary,science,scientific,scientist,scientists,sea,season,second,seeing,seen,self,sell,send,sense,seriously,set,share,shark,shit,short,shouldn,showed,showing,shows,shut,sign,similar,simple,simply,single,sinking,small,smart,smoke,snow,social,society,soil,solar,solution,solutions,solve,solved,solving,soon,sorry,sound,sounds,soup,source,sources,south,space,species,speed,spending,spring,starbucks,start,started,starting,starts,state,statement,states,stay,stop,storage,storms,story,straight,strong,studies,study,stuff,stupid,sub,subreddit,sudden,suffer,summer,summers,sun,super,superstition,support,supposed,sure,surely,surprised,survive,switch,systems,taken,takes,taking,talk,talking,tax,taxes,tech,technically,technological,technology,tell,telling,temperature,temperatures,term,texas,thank,thanks,thats,theory,thing,things,think,thinking,thinks,thought,thoughts,thousands,thread,threat,time,timeline,times,today,told,tons,took,total,totally,track,train,trains,trees,tried,true,truly,trump,trust,truth,try,trying,turn,turned,turning,turns,type,uk,understand,understanding,underwater,universe,unless,uranium,usa,use,used,using,usually,value,vance,ve,video,vote,voted,voting,wait,waiting,walsh,want,wanted,wants,war,warm,warmer,warming,wasn,waste,watch,water,way,ways,wealth,weather,webp,week,weird,went,western,width,wife,wiki,wikipedia,wild,wildfires,willing,win,wind,wing,winter,winters,wish,woke,women,won,wonder,woods,word,words,work,worked,working,works,world,worried,worry,worse,worst,worth,wouldn,wow,wrong,www,yeah,year,years,yes,young,zero
nottheonion,1,0,2,0,0,0,0,0,0,0,0,0,0,0,1,0,0,0,1,1,1,0,0,1,0,0,2,4,0,0,0,0,0,0,1,0,0,0,0,0,1,0,0,1,0,0,0,0,1,0,0,0,0,0,4,0,0,0,0,1,0,0,0,0,0,0,0,0,0,0,0,0,0,2,1,3,0,2,0,1,0,0,0,0,0,1,0,0,0,0,2,1,0,0,1,0,0,2,0,0,1,1,0,0,0,0,0,0,5,0,0,0,0,0,1,1,0,0,0,3,0,3,3,0,0,0,0,1,0,0,0,0,1,0,1,17,0,2,4,0,0,0,0,0,1,0,1,1,0,1,0,0,0,0,0,3,0,0,19,0,3,0,0,0,0,0,1,2,1,0,1,1,0,4,2,0,0,0,1,0,0,0,0,0,0,0,0,0,0,0,0,0,0,0,0,0,3,2,0,1,0,0,0,0,0,0,0,0,0,1,0,0,0,0,0,0,0,0,2,0,3,0,1,0,0,0,0,0,0,0,1,0,0,0,0,0,0,0,0,0,1,1,0,0,0,2,0,0,0,0,0,0,0,0,0,1,0,0,0,2,2,0,0,0,0,0,0,0,0,2,0,1,0,0,1,0,0,0,1,2,0,0,2,0,1,2,0,0,1,2,1,0,0,0,0,2,0,0,0,0,1,0,0,0,0,0,0,0,0,0,3,0,0,0,0,0,0,0,0,0,0,0,2,0,1,0,4,0,2,0,0,0,0,0,1,0,0,0,0,0,0,0,0,0,2,1,0,0,2,1,5,2,1,0,1,0,0,1,3,0,2,0,1,1,0,0,0,0,0,1,0,0,2,0,1,6,0,0,2,0,3,4,0,1,0,2,2,0,0,3,1,0,0,0,1,1,0,0,1,4,0,0,0,2,0,0,0,0,1,1,1,0,1,1,0,0,0,0,0,0,1,1,0,1,0,0,0,0,0,0,0,1,0,0,0,0,1,1,1,3,3,0,0,0,0,0,2,0,0,1,1,1,0,0,0,0,1,0,1,0,2,0,0,3,0,1,0,0,2,0,0,0,0,1,1,0,0,0,1,0,2,1,2,0,5,0,1,0,0,0,2,0,0,5,1,0,0,0,0,0,1,0,0,1,0,0,0,0,0,0,0,1,1,0,0,0,0,0,14,0,0,0,0,0,1,1,2,0,0,1,1,0,2,3,0,3,0,1,1,0,0,0,0,0,0,0,0,0,0,0,0,1,0,6,2,1,2,1,0,4,1,0,0,0,0,0,2,3,0,0,2,1,1,0,1,0,0,0,0,0,0,1,0,0,3,0,0,0,0,0,0,0,0,0,0,1,0,2,1,1,0,1,2,0,0,0,2,1,1,0,0,0,0,0,0,0,0,1,0,0,1,8,1,2,0,0,0,0,0,0,0,0,0,0,0,1,1,2,0,0,0,0,7,0,0,0,0,0,1,0,0,0,0,0,1,0,0,2,0,1,0,0,0,0,0,0,0,0,0,0,1,1,1,0,0,2,0,0,0,0,0,1,0,0,0,0,0,7,1,3,1,1,0,0,0,0,0,0,1,1,0,0,0,1,2,1,0,0,1,0,0,0,0,0,0,3,1,4,1,2,4,1,0,0,0,0,0,2,2,0,0,0,0,0,0,0,1,3,1,0,0,0,0,0,0,0,0,0,0,0,0,1,0,0,1,0,1,2,0,0,0,0,1,1,1,3,2,0,0,0,0,1,0,0,0,1,1,0,0,0,0,1,1,1,0,0,3,0,0,0,0,0,0,0,0,0,1,0,0,2,0,0,0,0,1,0,1,1,1,3,1,1,1,1,0,0,0,0,0,0,0,0,0,0,0,0,1,0,1,0,0,0,0,0,3,0,0,0,0,0,0,0,0,0,0,0,0,0,0,0,0,0,0,0,0,4,0,0,0,0,0,1,0,1,0,0,2,1,0,2,0,0,0,0,1,0,0,0,0,0,2,0,1,5,3,1,1,1,0,0,0,0,2,3,0,0,0,0,0,0,0,0,0,0,0,0,0,2,0,0,0,0,1,0,0,0,0,1,0,0,0,0,0,1,0,0,4,0,0,0,0,0,3,0,1,0,0,0,0,0,3,0,0,0,0,0,1,0,0,0,0,2,0,0,0,0,0,1,0,0,0,0,0,0,3,0,0,0,0,0,0,0,1,0,0,1,1,0,1,0,0,0,1,0,3,0,0,2,0,0,2,0,2,1,3,0,2,0,0,0
Futurology,2,4,9,0,0,1,1,0,0,1,0,1,1,1,1,1,1,0,0,1,0,1,0,2,1,0,0,6,0,0,1,0,4,0,2,0,0,0,0,1,0,0,0,0,0,1,0,1,0,0,0,2,0,0,5,0,0,0,1,0,0,0,0,1,0,0,0,0,5,0,2,2,0,1,0,0,1,2,0,2,1,25,3,1,0,0,0,2,0,0,0,0,0,2,0,1,0,0,1,0,1,0,0,2,0,0,0,0,0,0,0,0,0,0,0,0,0,0,1,1,0,3,0,0,2,1,1,1,1,0,0,3,0,1,2,31,0,1,0,0,0,0,0,0,0,2,0,0,0,0,0,0,0,0,1,0,1,0,43,2,1,1,0,0,3,1,2,0,0,0,1,1,0,0,0,0,0,0,0,0,1,0,0,3,0,0,1,0,0,0,0,0,0,0,0,0,3,0,1,0,0,1,4,0,1,0,1,0,0,1,2,1,0,0,1,1,0,1,2,0,3,2,2,18,0,0,2,0,0,0,0,0,0,0,0,1,0,0,0,0,0,1,0,1,1,2,27,5,0,0,1,1,1,0,0,6,1,0,0,3,0,0,1,2,0,1,0,1,0,2,0,0,2,0,0,2,0,1,0,0,1,0,7,0,3,2,0,0,0,2,2,0,2,0,0,1,1,0,0,0,0,0,1,0,0,0,1,0,0,0,0,0,0,0,1,0,2,0,1,0,4,0,1,0,2,0,1,1,0,2,1,0,0,0,0,0,2,0,2,0,0,1,0,0,0,1,0,0,0,0,1,0,0,0,1,0,0,3,0,0,0,0,0,0,0,1,0,0,0,0,1,0,1,0,0,1,0,1,8,0,1,1,0,0,1,0,1,0,0,1,0,0,0,0,0,0,0,0,2,0,0,0,0,0,0,1,0,1,0,1,0,0,0,0,0,0,1,0,0,0,0,0,0,2,0,1,0,0,1,0,0,1,0,0,0,1,0,4,1,3,1,3,0,1,3,4,0,0,2,0,0,1,1,0,0,0,0,0,2,2,0,2,0,2,0,1,0,0,3,0,0,0,0,6,0,1,0,0,0,0,0,0,0,0,8,1,0,1,0,0,2,0,0,3,0,0,0,0,0,0,0,1,0,1,0,1,0,0,0,0,0,2,1,0,0,1,1,1,16,2,1,1,0,0,0,0,0,0,5,1,5,0,0,2,0,0,1,1,0,1,1,6,2,0,0,0,0,0,0,0,0,0,1,7,1,1,0,1,0,1,1,1,0,0,0,2,0,3,0,0,0,1,0,0,0,0,0,0,0,6,0,0,0,0,1,3,0,0,0,0,0,0,0,0,0,3,0,2,0,0,2,2,2,0,0,1,3,0,0,0,0,0,0,3,7,4,0,1,1,0,1,1,0,4,0,1,0,0,1,2,0,0,0,0,0,0,0,0,0,0,0,1,38,0,1,0,0,0,0,0,0,0,0,1,3,0,2,0,0,2,0,2,0,2,1,0,0,2,0,3,1,1,0,0,0,1,3,0,0,1,0,0,2,3,0,0,0,0,0,1,4,0,0,2,1,0,1,0,0,0,0,0,0,0,0,1,0,1,2,1,0,0,0,1,0,3,1,4,1,0,5,1,0,0,0,0,0,1,0,1,0,0,7,0,0,5,0,3,0,0,0,1,0,0,1,0,1,0,3,1,0,2,0,0,0,0,0,0,0,0,0,2,4,1,7,4,1,0,1,4,0,0,4,0,0,0,1,3,1,0,0,2,1,0,1,0,3,1,1,3,0,0,0,0,0,0,1,1,0,1,0,0,0,1,3,0,0,0,1,0,0,0,1,0,1,1,0,2,0,0,0,1,0,0,0,0,4,0,0,0,0,2,0,2,2,0,1,0,0,0,0,1,0,0,1,0,0,0,0,0,0,1,0,0,0,3,1,0,1,0,2,0,1,0,1,0,0,1,0,0,0,0,0,2,0,0,0,0,0,1,0,0,2,0,1,0,1,1,0,0,0,0,2,1,2,2,1,0,0,0,2,6,0,0,0,0,1,0,0,0,1,0,0,0,0,0,0,0,0,0,1,0,0,0,0,1,3,0,2,0,0,0,5,0,0,0,0,0,0,0,2,0,0,2,0,0,2,1,0,0,1,3,1,0,1,0,0,0,0,0,0,0,0,0,0,0,1,2,0,0,0,0,0,0,0,5,1,0,1,0,0,1,0,1,5,0,0,0,0,0,1,0,2,2,1,7,15,0,1,0
clevercomebacks,0,1,0,0,0,0,1,0,0,0,2,0,2,1,1,0,0,1,2,1,1,0,0,0,1,1,0,7,1,0,0,0,1,0,4,0,0,0,0,0,1,0,0,0,0,0,0,0,3,0,0,2,0,0,1,2,2,1,1,0,0,0,0,0,2,1,1,0,3,0,0,0,0,2,2,0,0,4,0,0,0,0,0,0,0,1,0,2,1,0,0,0,0,0,0,0,0,3,0,15,0,0,0,0,0,0,0,0,0,18,0,0,0,2,1,0,0,0,0,1,6,0,2,3,3,1,1,4,0,1,0,0,0,0,1,51,3,0,1,0,0,0,0,0,0,0,0,0,0,0,0,0,0,15,0,2,0,1,46,0,0,0,2,0,0,1,4,3,0,1,1,0,0,0,0,2,0,0,0,0,0,0,0,0,0,0,0,0,0,0,0,0,1,0,0,0,0,0,0,0,0,0,1,0,1,0,0,0,0,0,0,0,0,0,0,0,0,1,4,0,3,0,0,1,0,0,1,1,1,0,2,0,0,0,0,0,4,1,0,0,0,0,0,0,4,2,1,1,1,0,0,0,0,1,0,0,2,3,0,2,0,0,1,0,0,0,0,1,0,1,0,2,0,3,0,1,1,1,1,0,0,0,0,0,1,0,0,2,0,5,2,0,0,0,0,1,1,1,0,0,1,0,0,0,0,0,0,3,0,0,1,0,0,1,0,0,1,15,0,0,0,0,0,0,0,1,0,0,0,0,0,0,1,0,1,0,0,0,1,0,0,0,1,0,0,0,0,0,0,1,2,2,3,0,0,0,1,0,0,1,0,0,0,0,4,0,5,1,0,0,2,0,0,0,0,5,1,0,1,1,0,1,0,3,1,0,1,0,0,2,0,1,0,0,0,0,0,0,0,4,2,9,1,1,0,1,1,3,0,3,2,1,2,1,0,0,2,0,0,1,1,0,0,0,0,0,0,0,0,0,0,0,0,2,0,2,0,6,1,1,0,0,0,0,0,1,0,1,0,0,1,0,1,0,0,0,0,0,0,0,0,0,0,1,0,0,1,4,1,0,1,0,0,1,6,0,0,0,0,2,0,0,4,0,9,0,0,0,0,1,1,0,1,2,0,2,1,0,0,1,1,1,2,0,0,1,0,0,0,0,1,1,0,0,0,0,0,1,4,3,0,0,0,0,0,3,0,0,1,1,0,0,1,2,1,2,0,0,0,10,0,1,1,1,0,0,0,0,0,0,3,0,0,3,0,2,2,0,0,0,1,1,0,0,0,0,1,1,0,0,0,0,0,0,0,0,0,0,0,0,0,1,0,1,1,0,1,0,0,0,0,0,0,0,1,0,0,0,0,1,0,0,0,1,0,0,2,2,0,2,0,0,1,0,0,0,0,0,0,0,2,0,1,1,0,0,0,1,1,1,0,0,0,0,0,0,0,0,0,0,0,0,16,0,1,0,20,0,0,0,0,2,0,1,2,1,1,1,0,2,0,0,0,0,0,0,0,1,0,1,0,1,0,1,1,0,0,0,0,0,0,0,2,0,0,0,0,0,0,1,4,0,0,0,0,0,0,0,0,0,0,0,0,0,0,0,0,0,0,0,0,1,0,0,0,0,0,4,0,0,9,2,0,0,0,0,0,0,0,0,0,0,0,0,0,2,0,1,0,0,1,0,0,0,0,2,0,0,1,0,0,1,0,0,0,0,0,0,0,2,0,1,0,1,3,1,1,0,0,1,1,0,0,0,2,0,0,5,0,0,0,0,1,0,0,0,2,1,0,0,0,0,0,0,1,0,0,1,0,0,0,0,0,0,0,0,0,0,0,0,0,0,0,0,1,1,0,0,0,0,0,5,0,0,1,0,1,1,0,0,1,0,0,0,1,0,0,0,0,0,0,0,2,0,0,0,1,0,5,0,0,1,0,0,0,1,0,0,0,0,1,0,0,2,2,2,0,0,0,1,0,0,0,0,1,0,0,0,0,0,1,0,3,1,5,0,1,0,0,0,0,0,1,0,3,0,0,3,0,0,2,0,0,0,1,1,0,0,1,0,0,0,0,1,1,2,0,0,5,0,0,0,0,0,0,1,6,7,1,0,0,0,3,0,0,0,0,1,1,0,1,0,1,0,0,1,4,0,0,2,2,2,0,0,0,0,0,1,2,0,0,0,0,0,1,0,1,0,0,0,1,0,0,0,0,2,2,2,0,0,0,0,1,0,4,0,0,2,0,0,2,0,8,4,1,0,17,1,0,1
LeopardsAteMyFace,0,0,0,0,0,1,0,0,0,0,0,0,0,1,0,1,0,1,0,1,0,0,0,0,4,2,0,4,0,0,0,0,0,0,3,0,0,0,0,0,0,2,0,0,0,0,2,2,1,0,0,0,1,0,1,0,0,0,0,0,0,1,0,1,0,1,0,0,4,0,0,0,0,2,0,0,0,5,0,1,0,0,0,0,0,1,1,5,0,1,0,0,0,0,0,0,0,0,0,0,2,0,1,0,0,8,0,3,0,0,0,0,3,1,0,1,1,0,0,0,0,1,0,0,2,1,0,1,1,0,0,0,0,0,1,27,1,0,0,0,0,0,0,0,0,0,0,0,0,0,0,0,1,0,0,1,0,0,25,0,0,0,0,0,0,1,4,1,0,0,1,2,0,1,0,0,1,0,0,7,1,3,1,0,0,0,1,0,0,0,1,0,0,1,0,1,0,0,0,0,0,0,1,2,1,0,1,0,0,0,2,0,1,0,0,1,0,0,0,0,0,0,0,0,0,0,0,0,0,0,1,0,0,3,0,0,2,1,0,0,0,0,0,1,8,4,0,0,0,0,0,0,0,0,0,3,3,5,0,9,0,0,1,0,0,0,0,0,0,0,0,0,0,0,2,0,0,0,0,4,1,0,0,1,1,1,1,0,2,1,1,0,0,0,0,1,0,0,0,1,0,1,0,0,0,0,0,0,0,0,1,1,0,0,0,0,3,0,1,3,0,0,0,1,1,1,0,11,0,1,0,0,0,0,0,4,0,1,0,1,8,1,0,2,0,0,0,19,0,0,1,0,1,0,0,0,0,0,0,0,1,0,1,0,0,0,0,0,0,2,2,0,0,1,1,7,1,1,1,0,1,2,8,2,1,0,3,0,0,0,0,0,0,2,4,0,0,0,3,7,1,0,0,0,0,3,1,2,0,0,0,0,1,0,0,0,2,0,0,2,1,1,1,0,0,0,1,0,1,0,1,0,1,0,0,0,9,5,2,1,0,0,0,0,0,0,0,1,0,0,0,0,1,0,0,0,0,1,0,1,0,0,0,0,2,0,2,0,2,0,0,0,0,2,0,1,0,0,0,0,0,0,1,0,11,1,0,1,0,0,0,0,0,1,0,0,0,1,0,1,0,0,0,0,0,0,0,0,0,0,1,6,0,1,0,0,1,0,6,1,0,0,0,0,3,1,2,0,1,0,4,0,0,2,0,2,0,0,1,1,0,0,1,0,1,0,19,0,1,1,1,0,1,3,2,0,1,0,0,0,0,0,0,0,0,1,1,0,2,0,0,0,1,0,1,0,0,0,0,1,0,1,0,0,1,0,0,0,0,0,0,0,0,0,0,0,1,0,3,0,0,1,4,0,1,2,2,0,0,0,0,0,0,0,0,0,0,1,1,1,2,4,0,1,0,1,0,0,0,1,0,0,0,0,0,0,4,1,0,1,0,0,8,0,3,1,0,0,0,0,0,0,0,1,1,0,0,0,0,1,0,1,0,0,1,0,0,1,4,0,1,1,0,3,0,2,1,0,0,0,0,0,0,2,0,0,0,0,1,2,2,0,0,0,0,0,0,0,0,0,1,0,0,0,0,1,2,1,0,0,0,0,0,0,0,0,0,0,0,0,1,0,0,1,0,0,0,1,0,0,0,0,0,0,0,3,0,1,0,0,0,3,3,0,2,0,2,3,1,0,2,3,1,1,1,0,0,2,3,2,0,1,1,0,3,2,0,1,1,0,0,0,1,3,0,0,0,0,1,3,0,0,0,0,0,0,5,3,0,0,0,0,0,0,0,0,1,0,1,0,0,1,0,0,0,1,1,3,0,0,0,0,0,0,1,0,0,0,0,0,0,0,0,0,0,0,2,0,0,2,0,0,1,1,4,0,0,2,0,0,0,1,1,0,0,1,0,0,0,0,0,0,0,0,1,2,1,0,0,0,0,0,1,0,0,1,0,0,1,0,0,0,3,0,0,0,6,0,0,0,0,0,0,0,3,0,0,0,6,0,0,0,10,0,0,0,1,1,0,0,0,0,1,0,1,3,1,0,1,0,1,3,2,1,0,1,0,0,1,1,0,1,0,0,0,0,1,1,0,0,1,0,0,0,3,2,1,1,0,0,1,3,0,1,1,0,8,1,1,1,2,3,0,0,1,0,0,0,0,0,0,1,1,1,1,1,0,0,0,2,0,0,0,0,0,3,0,0,2,0,2,1,0,0,2,0,1,7,0,2,0,0,3,4,2,1,7,0,0,0
climatechange,0,1,4,0,0,1,1,0,1,0,4,2,2,0,1,0,1,0,1,0,1,0,0,1,0,0,1,3,3,1,0,1,1,0,5,1,0,0,0,0,0,0,0,0,2,1,0,0,1,1,0,1,0,0,3,0,1,3,0,0,1,1,0,1,1,2,0,0,4,6,2,2,0,5,1,2,0,4,0,3,0,0,0,0,0,0,0,1,1,4,0,0,3,1,0,1,0,1,0,0,3,1,0,0,0,1,0,0,2,0,1,0,1,1,1,0,0,0,0,0,1,0,3,1,0,0,0,0,0,0,0,0,0,0,0,35,0,0,0,0,0,0,0,0,0,0,0,0,3,0,0,0,1,0,2,1,0,0,42,1,0,0,4,0,0,1,2,2,1,1,3,0,2,8,0,1,0,0,0,1,0,0,0,0,0,3,0,0,0,0,1,0,0,1,1,1,0,3,3,1,2,0,1,0,0,1,0,0,0,0,0,0,3,0,0,1,0,0,0,0,0,1,0,0,1,1,1,0,1,0,1,2,0,0,2,6,0,1,0,6,0,0,0,0,0,4,0,0,0,0,0,0,2,0,1,3,4,0,0,12,0,0,0,0,0,0,0,3,0,1,0,1,0,0,1,1,0,0,0,1,0,0,0,0,7,0,2,2,0,1,0,1,1,0,0,2,1,0,1,0,0,0,1,1,0,2,0,0,0,0,1,3,0,3,0,4,1,0,1,1,0,3,3,0,0,2,0,0,5,1,1,0,50,13,0,1,2,0,1,1,0,1,0,0,0,0,0,0,2,2,0,1,1,0,0,0,1,0,1,0,1,0,0,0,0,0,0,0,0,0,4,0,0,0,0,4,1,2,13,0,1,2,0,3,2,2,13,5,0,6,0,0,0,0,0,0,0,0,2,2,1,0,0,0,0,3,0,3,2,1,1,0,0,1,0,0,1,0,1,4,1,0,4,1,0,1,3,0,7,5,0,1,1,1,0,0,5,4,0,0,1,0,1,5,5,1,0,0,1,0,1,1,0,0,0,0,1,0,1,1,1,0,0,1,0,0,0,0,0,17,0,0,0,2,3,0,0,0,0,0,1,0,0,0,15,0,0,0,0,0,0,0,1,4,0,1,1,1,1,4,0,3,0,0,4,2,1,0,2,0,4,5,6,2,1,3,1,1,9,0,0,0,0,2,3,0,9,2,0,2,5,1,0,2,1,2,0,0,2,1,0,2,0,5,1,1,0,0,0,0,0,2,2,4,0,4,10,0,0,0,1,0,0,0,0,0,1,1,1,0,0,0,1,1,2,0,2,0,1,0,2,1,0,0,6,0,0,2,0,0,1,3,0,2,0,0,0,0,0,1,0,0,2,0,2,5,3,2,0,1,2,0,0,0,0,0,1,0,2,0,2,1,0,2,1,0,0,0,1,2,0,0,0,0,0,0,0,1,0,4,2,2,13,0,1,0,0,13,1,1,0,1,1,0,1,0,0,0,0,2,1,0,0,1,1,0,1,0,2,0,0,0,1,0,0,1,0,1,1,0,0,0,2,0,0,2,0,2,0,0,5,0,1,0,0,0,1,2,1,0,3,0,2,0,2,2,0,0,0,0,0,0,2,1,0,3,1,5,4,0,5,0,0,0,0,1,0,0,0,0,0,2,0,0,2,0,0,1,0,0,0,2,3,0,0,0,0,0,0,0,0,7,2,0,3,2,0,1,0,1,1,4,0,0,5,3,3,1,0,2,1,0,1,5,3,0,0,0,0,1,0,1,0,0,0,0,1,0,0,1,0,0,0,1,0,0,2,1,0,1,2,0,0,1,0,0,0,0,0,2,0,0,2,2,0,0,0,0,0,3,0,0,0,0,0,0,3,1,0,0,22,0,4,1,3,0,1,1,2,0,1,1,0,1,0,1,0,1,1,0,1,0,0,0,0,1,2,0,0,0,0,0,0,0,0,1,3,3,0,0,0,0,1,2,0,0,0,1,0,0,1,1,3,1,7,1,0,2,1,1,0,0,4,0,3,0,0,0,3,1,1,0,0,0,0,1,1,0,1,1,1,1,0,0,1,0,0,0,0,1,0,2,0,2,0,0,3,1,1,0,1,0,4,0,3,1,2,6,0,0,6,0,1,0,0,0,4,1,0,0,9,2,1,0,3,0,0,0,3,0,0,0,0,0,2,0,1,0,0,2,0,0,0,0,0,3,4,0,0,2,3,0,3,1,2,0,0,4,1,0,1,0,1,4,2,5,9,2,0,1
CreationNtheUniverse,0,0,0,0,0,1,0,0,0,0,0,0,1,0,0,0,1,0,0,2,0,0,0,0,0,0,0,3,0,0,0,0,0,0,0,0,1,1,0,0,0,0,0,0,1,0,0,0,0,0,0,0,1,0,0,1,0,1,0,0,0,0,0,0,0,2,2,0,1,0,0,0,0,0,0,1,0,2,0,4,0,0,0,0,0,1,1,0,0,0,0,1,0,0,1,1,1,0,1,0,0,0,1,1,0,1,0,0,3,0,2,4,0,0,0,0,0,0,0,1,1,3,3,0,2,0,0,0,0,0,1,0,0,0,0,5,0,0,0,0,0,0,1,1,1,0,0,0,0,0,0,0,0,0,2,1,0,0,5,0,0,0,0,18,1,0,0,0,1,0,0,1,0,1,8,0,0,0,0,0,0,0,0,0,0,0,0,0,1,0,0,0,0,1,0,1,0,1,1,0,0,0,0,0,0,0,0,0,0,0,0,0,0,0,0,0,0,0,2,0,0,1,0,0,0,0,0,0,0,0,0,1,0,0,0,0,0,0,0,0,1,0,0,0,1,0,0,0,0,0,0,0,0,0,0,3,0,2,2,10,2,0,2,0,0,0,2,0,0,1,0,0,0,0,0,0,0,0,0,0,1,0,0,0,0,0,0,0,0,2,1,0,0,1,0,0,0,0,0,0,0,0,1,1,0,0,0,0,0,0,2,0,0,0,0,0,0,0,0,0,0,0,0,0,0,0,0,0,0,0,0,0,0,0,3,0,0,0,2,0,0,2,0,0,1,0,0,0,0,1,6,0,2,2,1,0,0,0,0,2,0,0,0,0,0,0,0,0,0,0,0,2,0,0,0,1,0,2,3,0,2,5,0,4,0,0,1,0,0,0,0,0,0,0,0,0,1,0,1,6,0,0,1,0,0,0,0,0,0,0,0,0,1,0,2,0,0,0,0,1,0,0,0,0,0,0,0,0,4,0,0,1,0,0,0,0,0,1,1,0,0,0,0,0,0,1,0,0,0,1,0,1,1,0,0,0,1,0,0,0,0,0,0,0,0,0,0,0,2,0,0,0,0,0,0,1,0,0,0,2,3,0,0,0,11,0,0,0,1,0,1,0,0,5,0,0,2,0,0,0,0,0,0,1,0,1,0,1,0,0,0,3,0,0,0,1,1,0,10,0,1,0,0,0,3,0,1,0,0,0,3,0,0,2,0,1,1,0,0,0,0,1,1,3,0,0,0,1,0,0,1,0,0,3,1,4,0,0,0,0,0,0,0,0,0,0,2,3,1,0,0,0,0,0,1,0,0,0,0,0,0,1,1,0,2,0,0,0,0,0,0,0,0,0,0,0,0,0,0,0,0,0,3,0,0,0,0,2,0,0,0,0,1,0,0,0,0,0,0,3,2,1,0,1,0,0,0,0,0,0,0,0,0,0,1,0,0,0,0,4,1,0,13,0,1,0,0,0,1,0,0,0,0,0,1,0,0,1,0,0,1,0,0,0,0,0,0,0,0,0,0,0,1,0,0,0,0,0,0,0,0,0,1,0,0,2,0,4,0,1,1,0,0,0,0,0,0,0,0,0,0,0,0,0,2,0,0,0,0,0,0,0,0,0,0,0,0,2,0,2,1,0,0,0,0,0,1,1,0,0,1,0,0,0,0,1,0,2,0,0,0,0,0,0,0,0,0,1,1,1,3,3,0,0,0,0,2,0,0,0,0,2,2,1,0,1,0,0,0,0,0,0,0,0,0,0,0,0,0,1,1,0,0,0,0,0,6,0,0,0,0,0,1,0,0,1,0,1,0,0,1,0,0,0,2,0,1,1,0,1,0,0,0,1,3,1,0,0,1,0,0,0,0,0,0,23,1,0,0,0,0,0,1,0,5,0,0,0,0,0,0,0,4,5,0,0,0,0,0,0,0,0,0,0,0,1,0,0,0,0,0,0,0,0,2,1,3,1,0,0,0,0,2,0,1,0,0,0,0,1,0,0,1,2,2,1,0,0,0,0,0,0,1,0,0,0,1,0,1,0,0,0,0,0,0,0,1,0,0,0,0,0,1,0,1,1,1,0,0,1,0,0,0,0,0,0,3,1,1,0,1,0,0,1,0,0,0,0,1,0,5,1,0,0,0,0,0,0,1,0,2,3,0,0,0,0,3,0,1,1,0,0,0,0,0,0,0,0,0,0,0,0,0,1,0,1,0,0,0,0,2,0,1,0,1,0,0,0,0,0,1,2,2,0,1,1,0,1,0,0
preppers,0,3,4,2,0,0,1,0,1,2,1,0,1,0,4,1,1,1,2,0,0,0,2,1,0,2,0,3,0,1,1,1,0,0,10,8,0,1,0,0,1,0,2,1,2,2,1,0,0,15,11,6,1,0,0,0,1,0,1,0,1,0,0,0,0,7,0,0,5,1,2,0,0,2,0,6,1,10,0,5,2,0,1,1,0,1,0,0,0,3,0,0,0,0,3,0,1,1,0,1,6,2,5,0,0,1,0,3,1,0,1,2,4,0,2,0,2,0,1,0,2,1,8,0,1,1,0,5,0,1,1,0,1,2,0,40,0,1,8,0,4,0,1,0,3,2,0,1,2,7,2,0,2,0,0,0,2,1,53,1,0,0,7,0,4,2,1,3,3,6,0,0,2,2,0,3,0,2,1,1,0,1,0,0,0,3,2,2,0,1,2,0,3,1,0,1,5,4,3,0,2,0,1,0,1,0,2,0,0,1,4,1,0,0,2,0,0,3,2,3,1,1,0,0,1,5,1,1,1,1,1,0,0,0,0,1,0,1,0,0,1,3,0,0,4,4,5,0,0,2,1,0,8,8,0,2,2,6,0,21,1,1,0,1,8,5,0,0,1,2,2,1,1,0,1,1,1,2,0,0,3,1,0,0,1,5,0,4,1,1,0,6,1,1,0,2,1,3,0,0,1,1,0,2,0,0,0,0,1,0,2,3,2,0,0,5,7,1,0,0,1,3,2,1,2,0,1,9,2,0,4,5,3,0,0,1,4,1,8,0,5,0,2,1,0,3,0,0,0,0,1,0,0,1,3,0,1,6,2,0,2,0,1,0,0,3,1,0,0,1,7,0,1,0,0,3,0,2,23,0,4,10,1,4,0,0,1,0,0,6,0,0,2,2,0,4,2,1,2,0,0,0,0,2,0,2,2,2,2,5,1,4,5,2,1,0,1,1,0,6,0,0,3,1,1,2,1,0,3,5,1,2,1,4,1,1,8,2,4,2,1,4,1,1,5,1,0,0,1,1,2,1,1,0,1,1,0,0,3,1,0,2,2,1,1,1,0,1,0,3,0,0,3,5,4,4,0,0,0,0,0,0,1,1,17,2,2,0,0,0,1,0,1,12,0,0,3,4,4,10,2,3,1,0,0,0,0,1,1,1,1,0,0,0,0,0,1,3,13,2,0,1,1,0,3,5,16,3,1,5,10,4,4,8,0,5,2,1,4,0,2,5,1,0,2,0,0,2,0,0,3,0,0,5,3,3,1,5,0,0,0,1,0,0,0,2,6,2,1,2,0,0,0,1,1,8,0,2,2,3,1,1,3,1,3,0,2,2,0,0,5,9,0,6,1,0,1,1,10,1,2,0,8,0,1,5,2,1,0,1,7,2,0,0,2,0,0,1,0,1,1,7,1,2,3,3,0,1,1,0,0,1,0,0,0,0,0,4,0,0,0,1,35,0,1,1,2,0,0,0,1,12,5,3,4,1,2,1,0,6,3,1,0,1,1,0,1,1,1,0,0,6,0,2,0,4,0,2,1,0,8,1,4,1,1,1,0,1,0,8,7,4,0,1,0,0,0,0,0,0,9,0,0,0,0,0,2,1,1,0,0,6,1,1,0,0,0,3,1,1,11,4,1,1,0,0,1,1,2,0,0,0,0,0,0,2,0,0,0,0,1,1,0,0,4,1,0,0,0,0,1,5,0,1,1,0,0,2,2,2,20,3,4,2,5,0,0,0,0,1,0,0,0,1,3,0,1,2,1,2,0,1,4,4,1,0,1,3,1,1,0,0,0,0,2,2,4,1,1,3,2,0,5,1,2,3,0,0,0,2,0,0,2,0,0,1,0,1,2,6,0,4,0,0,2,0,2,1,2,0,6,0,6,2,6,4,3,0,1,1,0,1,1,1,1,0,6,0,8,3,0,1,0,0,1,0,0,0,4,1,2,1,1,2,0,2,0,0,0,1,0,1,0,3,0,0,1,3,0,0,1,0,9,8,16,2,1,6,2,0,2,2,12,0,2,0,2,1,0,0,1,0,1,0,3,1,1,3,0,0,1,4,1,1,0,1,0,3,0,4,0,0,0,0,0,7,4,3,2,4,1,0,16,1,1,0,0,2,1,0,7,1,2,1,2,1,2,5,1,0,30,5,1,0,7,1,4,0,0,3,1,2,0,0,2,2,0,1,0,0,6,2,0,0,0,10,1,1,1,1,4,0,2,1,10,0,0,2,3,1,1,0,1,1,2,9,16,6,0,0
anime_titties,0,2,1,0,0,1,1,0,2,0,4,1,0,0,1,0,0,0,1,0,0,3,0,0,0,0,0,2,0,0,0,1,0,0,2,2,0,0,0,0,0,1,0,1,0,0,0,0,0,1,2,2,0,0,2,0,1,0,0,0,0,0,0,1,0,1,0,0,4,0,2,1,0,0,0,0,0,3,0,2,1,2,0,0,0,0,0,3,0,0,0,0,0,0,0,1,1,0,0,0,1,0,1,1,0,1,0,0,0,0,0,0,0,0,0,0,0,0,0,1,0,0,1,0,0,1,0,7,3,0,1,1,1,0,0,46,1,0,0,0,1,0,0,0,1,2,0,1,0,2,0,1,0,0,3,0,0,1,53,0,0,0,0,0,0,0,12,1,1,1,0,0,2,0,0,2,2,0,0,1,0,0,1,0,0,0,1,0,0,0,1,0,1,1,0,0,16,8,0,3,0,0,0,1,1,0,0,0,7,0,1,0,0,0,0,0,0,0,1,0,0,3,0,0,1,0,0,0,1,0,0,0,5,1,0,0,1,1,0,0,0,1,2,0,1,1,1,0,0,1,0,2,0,0,0,1,3,1,0,10,1,1,1,0,0,0,0,1,0,2,1,4,1,0,1,0,0,0,1,0,0,0,0,8,0,1,0,2,0,0,0,1,0,12,5,0,0,0,0,0,1,0,0,0,2,0,0,0,0,0,2,2,0,0,0,1,2,0,1,0,11,1,0,3,0,0,3,0,2,0,0,0,0,0,0,3,0,2,0,0,0,0,0,0,0,0,0,1,0,0,2,0,1,0,0,1,4,4,0,0,0,0,0,0,0,0,0,5,5,2,2,0,0,0,0,6,0,0,11,0,3,5,0,2,0,0,6,0,0,0,1,0,0,0,1,0,0,1,2,1,0,0,3,2,0,3,0,1,5,1,3,0,4,1,1,0,1,0,1,4,0,0,1,0,1,1,0,0,3,1,1,0,0,1,0,1,0,14,0,1,1,0,0,0,0,1,0,0,1,1,0,0,1,20,0,0,0,1,1,2,0,0,0,0,2,1,0,0,2,0,0,0,0,1,4,2,0,0,0,0,1,1,0,0,16,0,2,0,0,0,0,2,0,6,0,0,0,0,0,2,2,2,0,0,0,0,0,1,0,0,0,2,0,0,0,0,1,0,9,2,0,0,2,1,1,0,5,0,2,0,0,0,2,1,0,1,1,0,0,0,0,3,0,0,0,0,0,0,1,0,2,0,0,7,0,1,2,0,0,0,11,3,1,0,0,0,2,1,2,3,0,1,0,0,6,0,8,31,1,0,0,0,1,0,1,1,0,1,0,0,0,0,0,0,0,2,2,0,0,0,0,0,5,1,0,5,6,0,2,0,3,1,0,0,2,0,2,0,0,0,2,1,1,1,1,0,1,0,0,2,0,0,0,0,0,0,1,2,0,2,0,0,38,1,2,0,0,0,0,0,0,3,0,0,2,0,0,0,0,0,1,2,1,1,1,0,1,0,4,3,1,0,0,0,0,0,2,0,0,0,0,0,0,0,0,0,0,2,0,3,5,5,0,0,0,0,0,0,0,0,0,0,1,0,0,2,0,0,1,0,0,0,0,2,0,1,0,0,0,1,5,0,0,0,1,0,0,2,0,4,0,0,1,1,1,1,0,3,0,0,4,0,0,0,1,0,0,0,1,1,1,7,2,1,1,0,0,0,1,0,0,4,0,0,2,1,2,0,0,0,0,0,1,0,0,0,0,4,0,0,2,0,1,0,3,0,4,3,1,0,0,2,0,1,0,0,0,0,0,3,0,0,0,3,2,0,0,0,1,0,1,0,0,0,0,0,0,1,1,2,0,1,0,2,0,0,2,0,0,0,1,0,0,1,2,0,0,0,0,0,0,5,0,1,2,0,0,0,0,0,0,0,0,7,1,3,0,1,0,0,1,0,0,2,0,1,0,0,0,0,0,0,2,0,2,0,1,0,1,0,0,0,2,3,4,0,0,1,0,0,1,3,11,0,2,1,1,0,1,0,1,0,0,0,0,1,2,0,0,0,1,0,2,0,2,0,0,0,1,3,0,0,0,0,0,0,0,4,2,0,0,0,0,3,0,0,0,4,4,0,5,1,0,5,0,1,1,0,0,0,3,2,0,0,0,0,2,0,0,2,0,2,0,0,0,0,0,0,0,1,0,0,0,0,0,2,2,0,0,0,1,0,3,0,10,1,2,6,0,0,0,0,0,11,3,1,6,0,0,0
ClimateOffensive,0,1,0,0,0,1,0,0,0,0,4,0,0,0,0,0,0,0,0,0,0,0,0,1,2,0,0,2,0,0,1,0,1,0,0,0,1,0,0,0,0,1,0,5,1,0,1,0,0,0,0,1,1,0,3,0,0,1,0,0,0,0,0,0,0,0,1,0,5,0,0,0,0,2,0,1,0,1,0,2,0,0,0,0,0,0,1,1,0,0,0,0,0,0,0,1,1,0,0,0,0,0,0,2,0,0,0,0,1,0,0,0,0,0,0,1,0,0,0,1,0,0,2,0,0,0,0,1,0,0,0,0,1,0,2,4,1,0,0,0,0,2,0,0,0,3,0,0,0,0,0,0,1,0,0,0,0,0,5,0,0,0,0,0,0,0,1,0,0,0,0,1,0,0,0,1,1,0,0,1,0,0,0,2,0,1,0,1,1,0,0,0,0,0,0,1,2,1,0,0,0,0,0,0,1,2,0,1,0,0,2,1,0,2,0,0,0,0,1,0,2,0,0,0,0,1,0,0,0,0,0,0,2,1,0,0,0,0,0,0,0,0,0,0,3,5,2,0,0,0,0,0,0,0,0,0,1,0,0,4,0,0,0,0,0,0,2,1,0,0,0,0,0,0,0,1,2,2,0,1,0,0,2,2,0,2,0,1,0,2,1,0,0,0,0,2,0,0,0,0,3,0,0,0,0,0,0,5,0,0,0,0,0,0,0,0,2,0,0,0,0,0,1,0,1,0,1,0,0,0,0,0,3,0,0,0,0,0,0,0,0,0,0,0,0,0,0,0,0,1,2,4,3,2,0,0,0,5,0,0,3,0,0,0,0,0,0,0,0,0,0,0,0,0,0,0,0,0,3,0,4,3,0,1,0,1,0,0,1,1,0,0,0,0,0,0,0,0,4,0,1,0,0,0,0,0,0,1,0,0,0,2,0,0,0,0,0,0,0,1,0,1,0,0,1,0,0,0,0,0,1,1,0,0,0,0,0,12,0,1,1,1,0,1,0,0,0,0,0,1,0,1,0,0,0,0,0,1,2,0,0,3,0,1,0,0,1,0,0,0,0,0,0,0,3,1,0,0,0,0,0,0,0,0,3,0,0,1,0,0,0,0,0,0,0,0,0,0,0,0,1,4,0,1,0,0,0,0,0,0,0,1,2,0,0,0,1,0,8,1,0,0,1,0,1,0,1,0,0,0,3,0,0,2,0,2,0,2,0,0,0,1,0,0,0,0,0,1,0,0,0,0,0,0,0,1,0,0,0,0,0,0,0,0,0,0,2,1,1,0,0,1,1,0,0,0,0,0,0,0,1,0,1,0,0,0,0,0,0,1,0,0,0,0,0,0,0,0,0,0,0,0,0,0,0,3,1,3,0,0,0,0,0,0,0,0,0,2,0,0,2,4,1,1,0,0,0,0,1,9,0,0,0,0,0,0,2,1,0,0,0,0,8,0,1,0,0,0,0,0,0,1,0,0,2,0,0,0,0,1,0,1,0,1,0,0,0,0,0,0,0,0,1,2,1,0,0,0,0,0,0,1,1,0,0,1,0,0,1,2,1,0,0,0,1,0,0,1,0,0,0,0,1,0,0,0,0,0,0,0,0,0,0,0,0,0,0,0,2,1,2,1,0,0,0,0,0,0,0,0,0,0,0,0,0,0,0,2,0,0,0,0,0,0,2,0,0,0,0,1,0,1,0,0,0,0,0,4,1,1,0,0,0,0,0,0,0,0,0,1,0,0,0,0,1,0,1,0,0,1,0,0,0,0,0,0,2,0,0,0,1,0,0,0,0,0,0,2,0,0,2,0,0,0,0,0,0,0,0,0,1,0,2,0,0,0,0,0,0,0,0,3,0,0,0,0,0,0,0,0,0,0,1,0,1,0,0,0,0,0,0,0,0,4,0,0,0,0,0,0,0,0,0,0,0,1,0,0,0,0,0,1,0,0,0,0,0,0,0,0,0,0,0,0,0,0,1,0,1,1,0,0,1,1,1,0,0,2,0,0,0,0,5,0,0,1,0,0,0,0,0,0,0,0,0,0,1,0,13,0,0,0,0,0,0,0,1,0,0,0,0,0,0,0,0,1,0,0,0,0,0,0,4,0,6,6,2,1,0,0,2,0,0,1,0,0,0,1,0,0,0,2,0,0,0,0,0,0,0,0,0,0,2,2,0,0,0,3,0,0,0,0,1,0,0,5,0,0,0,0,0,0,0,0,4,1,0,2,1,0,2,0,0,6,0,0,2,0,0,1
EconomyCharts,2,1,2,0,0,0,2,0,2,1,1,0,2,4,3,1,1,0,0,1,0,0,4,0,0,0,0,2,0,1,0,2,0,0,2,0,2,0,0,0,0,0,1,0,0,0,2,3,1,2,1,2,2,0,0,0,0,0,0,0,4,0,0,0,0,0,0,0,2,0,2,1,0,0,0,2,0,6,0,3,0,0,0,0,0,1,0,0,0,0,0,0,0,0,0,0,0,0,2,0,11,6,1,1,1,1,0,1,1,0,1,0,0,0,1,1,0,0,21,0,0,4,1,0,0,1,0,0,2,0,0,1,0,0,0,8,0,0,0,8,3,6,0,0,0,5,0,1,0,0,0,0,2,0,1,3,1,1,3,1,17,2,0,0,0,0,3,1,0,1,0,0,0,3,1,0,0,0,0,0,0,0,2,0,1,1,2,0,2,1,0,0,1,2,5,0,9,6,0,3,1,2,0,1,0,3,0,0,0,0,3,1,1,0,1,2,0,1,1,1,0,2,0,0,1,3,0,1,0,0,1,1,1,0,0,0,0,0,0,0,0,1,0,0,5,2,0,0,0,2,0,0,1,0,1,4,4,0,1,6,2,0,0,0,1,0,0,2,0,1,1,0,1,0,1,0,0,0,0,0,0,10,19,0,1,24,1,2,0,2,1,0,2,2,3,0,1,0,0,0,0,0,0,14,0,0,0,0,0,0,0,2,0,0,0,0,3,0,1,0,2,0,3,0,0,1,0,0,0,0,0,0,0,0,0,1,0,0,1,0,0,0,0,4,0,2,19,0,0,0,4,1,2,4,0,0,2,4,0,1,6,0,0,5,0,5,0,6,29,1,2,0,1,1,0,1,2,1,1,0,0,5,0,1,0,0,4,0,6,4,1,2,0,0,0,1,1,1,0,0,1,0,0,0,3,0,3,1,0,1,1,0,1,0,1,1,0,7,0,0,1,0,1,2,1,0,0,0,0,0,1,1,0,0,0,0,0,14,4,1,0,2,0,0,0,0,0,0,0,1,0,0,0,0,0,0,2,0,0,1,3,1,1,2,0,3,0,0,1,0,2,0,1,5,4,2,0,0,0,0,0,0,0,1,7,0,0,0,0,0,3,0,0,6,0,0,1,0,0,0,0,0,0,0,0,0,0,0,1,2,2,3,0,0,0,0,0,0,14,1,0,0,0,1,0,2,1,0,1,2,1,0,1,6,0,11,1,1,0,0,1,4,0,2,1,1,0,0,0,0,0,1,0,11,4,1,0,0,0,3,1,0,3,0,0,1,2,0,1,0,0,0,0,0,0,0,0,0,0,0,2,2,0,0,7,1,0,0,0,0,0,1,0,1,1,0,0,0,1,0,0,0,10,0,1,5,1,1,0,0,0,0,0,78,1,0,0,1,0,0,0,3,0,3,3,1,0,0,0,6,6,0,0,0,0,0,0,2,0,1,1,4,14,0,1,1,0,0,1,1,2,1,0,0,1,8,18,0,5,1,0,0,0,2,1,0,1,0,0,5,0,1,1,5,0,39,0,0,0,0,0,0,2,0,4,3,0,0,4,2,6,4,0,2,2,0,0,0,0,1,0,0,2,0,1,0,0,1,4,0,0,0,1,0,5,1,0,1,0,1,7,4,1,1,0,0,4,2,0,2,4,1,0,0,0,1,0,0,4,12,1,0,0,1,0,0,0,2,0,0,0,4,2,0,1,0,0,3,3,1,3,0,1,0,3,2,1,0,0,0,0,0,0,0,0,1,0,1,0,0,0,1,0,0,1,0,4,1,0,0,0,2,2,0,2,0,2,0,0,0,0,0,0,0,1,1,9,3,0,0,0,0,0,0,0,1,0,3,3,0,1,0,1,0,0,0,0,0,1,0,1,2,1,0,5,3,0,0,0,0,0,0,1,0,3,0,0,0,2,0,3,4,0,1,0,2,0,0,0,1,0,1,1,0,1,1,0,0,0,0,0,5,2,0,0,0,2,0,0,0,0,0,3,2,3,1,1,0,0,0,2,0,8,0,0,0,0,3,2,0,0,2,1,0,0,0,0,1,0,6,2,2,1,0,0,0,0,0,1,1,0,0,0,0,4,0,2,2,2,0,0,0,2,0,0,0,0,0,0,0,2,0,1,4,0,0,1,0,17,0,5,9,0,1,0,4,0,1,1,0,4,0,0,0,0,0,1,0,8,0,2,0,0,0,0,3,0,0,1,0,1,0,3,0,5,1,0,1,0,0,0,1,5,3,1,0,11,4,0,1
news,0,0,2,0,0,1,1,0,0,0,0,0,0,2,1,0,0,0,0,0,1,0,0,2,1,0,0,5,0,0,0,0,0,0,0,0,0,0,0,0,0,1,8,0,1,0,0,0,2,0,0,3,0,0,1,0,2,2,0,1,0,0,1,1,0,2,3,0,0,0,0,0,0,0,0,4,0,2,0,1,1,4,2,4,0,0,0,0,0,0,0,0,0,1,0,0,0,1,0,0,0,0,1,0,0,0,0,0,3,0,12,5,0,0,0,0,0,0,0,1,0,1,1,0,1,0,0,1,0,2,0,0,0,0,1,9,0,0,0,0,1,0,1,0,0,0,0,0,0,0,0,0,0,0,1,0,0,0,11,2,0,0,0,0,0,0,2,4,1,1,0,0,0,4,26,1,0,0,0,0,0,1,0,0,0,0,2,0,4,0,0,2,0,1,0,2,0,0,0,0,0,0,0,1,0,2,2,1,0,4,1,1,1,0,0,0,0,0,3,0,0,1,0,0,0,1,0,3,0,1,0,0,0,0,0,0,0,0,0,0,0,1,0,0,0,1,0,0,1,0,1,0,1,0,0,7,3,7,3,4,1,1,1,0,0,1,1,0,0,2,0,0,0,0,0,1,0,0,0,1,1,0,0,0,1,0,1,2,0,1,4,0,1,0,0,0,0,0,0,2,4,2,0,3,0,0,0,0,0,0,2,0,0,0,0,6,0,0,0,0,0,0,5,3,0,1,0,0,0,0,0,0,0,0,0,0,0,4,1,0,0,0,0,0,2,1,0,0,0,2,1,0,3,1,0,0,1,1,0,0,0,0,0,0,8,0,0,0,0,2,2,0,1,0,0,0,0,1,5,0,1,13,0,0,0,0,0,0,0,8,0,0,0,0,0,0,0,0,1,2,1,0,0,1,1,1,2,0,2,1,0,0,2,0,0,1,0,0,0,2,1,0,0,1,2,1,0,0,0,0,1,4,5,0,0,0,0,5,2,0,0,0,1,0,0,0,1,0,0,0,0,0,1,0,0,0,0,1,0,0,0,0,0,0,0,0,0,0,1,0,1,0,0,4,1,0,0,0,0,0,1,0,0,0,10,0,0,0,0,0,0,0,0,5,0,3,0,0,0,1,0,1,0,0,1,0,0,0,2,0,0,0,1,0,0,0,4,1,10,0,0,1,1,0,0,2,4,0,0,3,5,0,0,5,0,2,1,1,1,0,0,2,0,6,1,0,0,0,1,0,0,0,0,4,0,1,11,1,0,0,0,2,0,0,0,0,3,3,1,0,0,0,2,0,0,0,0,0,1,0,1,1,1,0,13,0,0,0,0,0,0,0,0,2,1,0,2,0,1,1,0,0,3,3,0,4,2,0,3,0,2,0,0,1,0,0,0,0,3,1,0,0,0,2,0,0,0,0,1,1,0,0,0,0,0,0,0,1,37,1,2,0,7,0,1,0,0,0,1,0,0,2,0,1,0,0,0,0,0,2,0,0,0,0,0,0,0,0,0,0,0,1,0,0,0,0,0,0,0,0,0,0,1,0,0,0,0,0,0,0,0,0,0,0,0,0,0,0,0,0,0,0,2,0,1,1,1,0,0,0,0,0,0,0,0,2,0,2,1,1,4,2,0,0,0,0,0,2,0,0,1,1,0,0,0,1,0,1,0,0,0,0,1,2,0,0,0,2,0,1,3,6,0,0,0,0,0,3,0,1,0,0,0,0,1,0,4,1,0,1,0,0,0,0,0,0,3,2,0,3,0,0,0,0,0,0,2,1,0,0,0,1,0,0,0,0,0,0,0,0,1,0,0,0,0,0,0,0,0,0,0,0,0,0,0,0,0,0,0,2,0,0,0,2,0,0,3,0,0,0,0,1,0,1,1,0,0,1,0,0,0,0,13,0,0,0,0,0,0,0,0,0,0,2,0,2,0,0,0,0,0,1,0,2,0,3,0,2,0,1,0,0,0,0,0,0,2,0,0,0,0,0,4,3,6,0,1,1,0,0,1,0,3,0,0,1,1,1,0,2,0,0,0,0,0,1,1,1,0,3,1,0,0,1,0,0,1,1,1,0,0,0,0,1,0,0,3,1,1,1,0,0,4,0,0,0,4,0,0,0,2,1,1,0,0,0,0,1,0,0,0,6,0,1,0,0,0,0,0,0,0,0,0,0,1,0,0,0,0,0,1,0,2,0,0,0,0,0,1,0,3,0,0,2,6,0,0,0,0,4,0,5,1,1,1,2,2,0,0,0
NoStupidQuestions,2,10,5,0,3,3,5,1,0,1,0,1,1,0,2,0,1,1,2,0,2,1,0,1,0,0,2,5,0,3,2,0,8,1,10,1,2,5,0,1,0,1,0,1,0,0,2,0,0,5,5,2,0,0,1,1,0,0,1,0,1,0,2,2,0,3,0,0,15,0,2,1,0,3,0,5,0,4,0,5,0,1,0,3,0,2,0,1,0,0,1,0,0,0,0,3,0,0,2,0,0,1,0,0,3,1,0,1,1,0,4,3,0,1,1,0,0,2,0,0,1,2,2,0,0,5,0,4,1,2,0,0,2,1,0,31,3,6,0,0,0,0,0,0,0,1,0,0,0,1,1,0,4,0,0,1,2,1,38,3,4,0,2,1,3,6,4,3,1,5,1,1,3,0,0,1,0,0,1,6,0,0,0,0,0,2,1,0,2,1,0,0,1,3,0,0,7,1,2,2,0,0,0,0,1,0,0,1,0,0,3,1,0,0,2,0,0,7,4,4,2,3,0,0,0,3,0,3,0,0,0,0,0,0,0,0,0,0,0,0,0,0,0,0,5,1,4,1,1,1,4,0,0,2,1,7,4,3,1,14,0,0,0,0,1,0,0,0,1,8,1,0,0,0,4,0,2,3,1,1,1,0,1,1,2,0,0,3,0,0,1,0,1,4,0,6,3,0,5,0,3,0,0,4,3,1,0,10,2,1,1,3,0,0,0,0,5,0,0,0,2,3,0,1,0,0,1,2,1,0,2,2,3,0,2,0,0,2,5,0,1,1,1,0,2,0,0,0,0,0,0,1,1,1,0,1,1,6,0,0,2,0,1,2,0,2,1,0,0,5,2,0,1,1,0,5,0,1,15,3,0,5,0,2,1,0,0,1,0,1,7,1,2,0,1,1,0,0,0,0,0,0,0,0,0,15,2,3,3,3,0,2,2,0,0,1,6,3,0,0,0,0,2,5,0,4,0,0,1,2,1,1,1,1,4,1,3,8,5,2,5,9,1,2,7,11,3,0,2,2,0,0,0,0,12,4,0,1,4,2,1,1,0,0,0,3,0,0,1,5,0,3,3,5,5,2,0,0,0,1,0,0,0,0,15,0,2,3,1,1,0,0,0,6,0,0,0,0,0,2,1,3,0,0,0,1,0,6,1,0,0,5,13,6,1,0,11,0,26,2,0,0,0,0,3,2,8,2,0,4,6,0,0,6,1,6,6,1,0,2,1,6,1,0,2,1,0,2,0,0,3,2,0,9,1,3,1,0,2,0,5,2,0,3,0,0,1,5,2,1,0,1,0,1,0,1,0,0,0,1,2,2,0,1,2,2,1,1,0,0,1,0,1,0,2,1,1,2,0,1,0,0,1,1,0,4,2,2,1,0,3,0,4,0,2,0,1,0,5,0,3,0,0,2,2,0,0,0,1,2,0,0,0,0,0,2,1,3,0,1,4,0,30,1,0,1,1,0,1,0,0,0,5,0,4,0,1,0,0,7,0,1,3,2,3,0,0,1,4,1,0,0,0,0,1,2,0,6,4,6,0,0,3,0,0,1,0,1,0,4,5,1,2,0,0,0,0,0,0,0,1,0,1,1,0,5,0,0,1,2,0,1,2,2,0,5,0,3,2,0,10,4,1,4,2,0,0,2,0,0,3,0,3,0,0,1,0,2,0,0,5,0,0,4,1,0,0,0,2,0,6,4,9,3,0,0,0,1,1,0,0,1,0,0,6,2,0,3,0,7,6,0,6,11,2,0,4,4,0,0,1,1,0,0,0,0,6,2,0,0,3,0,0,0,0,0,3,2,0,0,0,1,5,0,4,1,0,0,1,0,0,0,0,0,0,1,0,1,0,3,0,6,1,0,1,0,6,1,0,1,1,0,1,0,5,0,4,0,0,1,1,1,4,1,1,0,0,2,4,5,1,4,0,3,1,2,1,0,5,0,2,0,1,0,0,1,1,0,0,0,1,2,2,0,7,3,4,1,1,2,2,1,4,12,6,3,0,1,0,2,0,0,6,0,6,6,1,1,0,1,0,0,0,0,0,0,3,0,0,0,1,2,0,0,1,1,0,0,0,1,1,0,0,0,0,0,1,4,2,1,1,0,6,0,0,0,0,0,0,0,1,0,1,1,4,3,4,0,0,0,9,5,1,2,8,0,1,1,2,0,0,0,1,1,1,1,0,0,1,0,4,1,1,0,0,3,0,0,0,1,2,0,1,0,6,2,1,6,5,1,1,0,2,4,4,7,29,6,0,0
collapse,11,2,6,5,2,0,0,0,1,2,0,0,0,1,0,0,0,0,3,0,0,3,1,1,0,1,1,0,0,0,0,0,1,1,4,1,1,0,0,23,14,1,0,0,0,0,1,0,0,0,0,8,1,0,9,0,0,0,4,0,0,0,3,0,0,2,0,0,3,0,6,3,0,2,0,2,2,4,1,2,0,3,0,0,0,0,1,0,0,0,0,0,0,0,0,0,0,0,1,0,6,2,2,2,0,1,0,4,0,0,1,0,0,1,0,0,0,0,0,4,0,1,0,0,1,4,0,3,3,1,0,3,3,0,0,21,2,0,0,0,1,0,0,0,0,0,0,5,0,0,43,13,0,0,0,0,0,1,24,1,1,3,0,0,0,9,8,2,0,0,2,1,0,0,0,1,2,0,3,1,0,0,1,2,8,1,4,0,0,0,0,0,2,0,0,1,1,0,0,0,0,0,0,0,0,3,6,0,0,0,1,1,0,0,0,0,0,1,1,0,3,0,1,0,0,2,0,0,0,0,1,1,0,0,0,0,0,0,0,0,3,2,4,1,4,0,1,1,2,3,1,1,0,0,0,3,5,6,0,6,1,0,0,1,0,0,0,3,5,14,0,0,1,0,1,0,2,0,0,0,0,1,0,2,4,89,0,3,1,2,2,4,0,0,0,0,1,5,3,0,3,1,1,0,3,0,1,3,0,0,1,2,0,0,2,0,3,0,1,1,1,1,0,0,2,1,2,0,1,0,0,0,2,0,0,0,1,0,0,0,0,0,6,0,0,4,0,0,0,0,1,0,0,1,4,0,1,0,1,0,2,0,0,0,0,0,0,0,0,1,0,0,5,0,2,4,0,1,3,1,1,3,0,2,1,2,0,0,0,9,4,0,0,0,0,3,4,29,2,0,0,0,1,1,0,2,0,0,0,3,0,0,1,0,0,3,28,3,1,0,0,0,4,0,1,0,0,0,0,0,0,4,0,2,0,2,2,18,0,12,5,10,0,0,0,0,2,0,0,0,0,0,6,0,0,0,3,1,1,0,0,0,3,0,0,0,0,2,7,0,0,0,0,1,1,1,0,0,0,0,0,0,0,0,29,0,0,1,0,1,2,1,0,4,2,1,2,0,0,0,0,0,0,0,0,3,0,1,2,4,0,6,12,4,0,0,15,5,15,2,1,1,0,0,1,1,13,1,1,4,2,0,1,8,6,0,0,0,0,0,1,1,0,3,0,0,0,0,1,0,1,3,1,6,3,2,0,0,0,0,1,5,7,1,0,2,11,0,1,0,0,2,0,0,0,0,0,0,0,0,3,1,1,5,2,1,1,1,0,0,0,0,0,0,1,0,0,0,3,8,0,1,5,0,1,7,0,0,3,0,0,0,0,5,0,0,2,0,0,0,1,3,1,2,5,1,0,1,2,6,2,0,0,0,2,1,1,1,0,0,0,2,9,0,0,0,0,0,0,1,0,0,1,0,36,1,1,1,0,9,0,0,0,1,0,0,0,2,0,8,0,4,2,0,3,7,0,0,3,0,0,0,1,0,0,0,0,0,0,7,1,0,2,4,11,0,3,1,1,0,0,0,0,0,1,0,0,0,0,1,0,0,7,1,0,1,0,0,0,3,6,4,0,0,0,0,0,1,3,0,2,0,2,0,1,0,2,1,14,3,0,0,0,5,2,1,1,0,3,0,1,6,4,0,0,0,0,1,0,0,0,2,0,0,5,2,4,6,0,3,1,2,0,0,0,1,0,0,6,0,1,1,1,1,0,0,2,2,1,0,0,0,0,0,3,1,0,0,0,1,1,0,0,0,2,2,8,7,1,0,0,1,1,0,0,0,0,3,7,0,15,13,0,0,0,0,4,0,1,3,1,4,0,1,3,1,0,3,0,0,0,20,1,3,2,0,1,0,0,0,6,1,0,0,0,3,0,0,4,0,1,1,0,0,0,1,0,0,4,1,9,6,2,0,2,0,3,0,0,0,0,4,8,2,6,1,0,0,0,1,0,0,8,0,1,0,0,0,0,3,1,1,0,0,0,1,6,0,0,0,0,0,0,1,0,0,1,5,0,2,4,0,6,0,0,0,9,7,2,0,0,0,5,1,0,0,0,0,0,0,2,2,0,1,0,0,3,0,8,1,2,9,2,2,0,0,0,0,1,1,0,0,2,2,0,0,0,1,7,0,0,0,0,0,0,1,0,0,2,1,3,0,1,0,9,0,0,1,0,2,3,0,1,9,1,2,25,6,0,3
science,1,9,3,0,1,1,5,0,1,1,0,1,8,1,15,0,1,3,0,0,0,1,1,1,10,2,2,8,0,0,2,0,0,0,8,0,0,3,0,0,0,0,2,0,0,0,0,0,5,7,4,2,1,0,0,1,0,0,0,2,0,1,0,2,0,2,0,0,4,0,1,2,2,17,1,1,0,0,0,2,0,1,0,1,0,3,0,0,0,0,2,0,1,0,0,0,2,0,1,1,0,1,0,0,0,2,3,3,0,0,1,2,2,0,2,0,3,0,0,0,3,0,0,0,1,2,0,0,0,0,0,0,1,0,0,52,3,8,2,1,0,1,0,1,0,1,0,0,1,5,0,0,1,0,0,1,1,0,57,6,0,3,1,0,3,0,4,0,0,3,2,2,3,1,0,0,1,0,1,1,3,0,0,0,1,2,1,1,1,0,0,0,0,0,1,1,1,1,3,2,2,1,0,0,1,1,0,0,0,0,1,0,0,0,0,0,0,3,7,6,2,1,0,0,2,2,0,1,3,2,1,0,0,0,2,1,1,1,0,0,0,2,0,0,2,2,1,1,0,4,1,3,0,1,3,4,8,1,0,16,0,2,1,0,3,3,0,2,1,1,1,1,0,0,0,1,0,3,1,2,0,0,0,0,2,0,1,6,0,2,1,1,2,0,0,1,4,0,4,0,1,1,0,0,3,0,0,2,3,0,2,4,0,1,5,0,1,0,1,0,0,4,0,0,0,3,0,2,1,0,3,3,0,0,0,0,1,0,2,0,1,0,0,0,3,0,0,0,0,0,0,1,0,1,0,1,0,2,0,0,1,0,0,0,0,0,0,0,0,2,10,0,2,0,1,1,1,0,6,3,0,4,0,4,0,1,1,0,0,0,1,0,0,1,0,0,6,0,0,0,0,2,4,0,0,2,1,22,0,2,0,2,1,0,0,2,4,0,1,0,0,0,3,3,2,4,0,0,4,2,0,1,0,2,6,1,3,5,1,3,1,0,1,3,1,2,1,0,1,3,0,0,2,0,3,0,1,1,0,1,0,1,0,3,3,0,0,3,1,1,0,2,0,2,1,0,0,0,0,1,2,0,0,0,25,2,0,0,1,0,2,0,0,7,2,2,0,0,0,2,2,2,0,0,0,0,0,0,1,0,0,4,1,1,0,0,3,0,16,2,0,0,0,0,5,3,8,3,3,5,1,5,0,4,2,2,1,0,0,1,2,2,0,0,3,1,0,0,1,0,0,2,0,2,2,3,2,1,0,0,2,3,0,0,0,4,3,2,2,2,0,1,1,0,3,1,0,0,0,1,1,1,2,0,7,0,6,3,0,0,0,0,0,1,2,0,0,0,2,1,3,1,4,0,1,9,0,1,1,4,0,2,1,0,1,0,1,1,1,0,1,2,0,2,0,1,2,2,1,0,0,0,0,0,0,0,0,12,0,0,2,0,29,2,2,4,0,0,0,0,0,5,3,1,2,2,3,1,0,10,0,0,0,0,0,0,0,1,0,0,1,2,0,1,1,1,4,0,0,0,0,0,4,1,0,0,0,1,0,1,1,0,2,0,0,0,1,0,0,0,0,0,3,2,0,0,1,1,0,0,0,2,0,0,0,1,0,4,2,1,4,4,0,0,4,0,0,1,0,0,0,0,0,0,0,4,0,3,0,0,0,0,0,3,0,0,0,2,2,4,0,7,1,1,1,0,2,0,0,1,2,1,4,2,3,1,1,0,0,9,0,0,1,1,7,1,1,4,0,0,0,0,0,0,0,0,0,1,1,3,0,0,0,1,0,1,1,2,0,0,0,7,10,1,0,1,0,0,0,0,0,0,2,0,1,1,0,1,0,1,1,4,0,0,8,0,1,2,2,0,0,1,3,0,2,0,6,1,1,2,5,2,0,1,0,2,2,0,14,5,1,0,0,0,0,2,0,0,0,0,0,0,2,1,2,3,1,0,1,1,0,0,2,0,1,8,2,0,0,1,1,0,2,3,13,1,1,1,0,1,0,0,11,1,1,0,2,0,0,0,0,0,0,0,4,0,0,0,0,0,0,0,0,1,2,0,0,0,1,3,1,0,0,1,0,0,2,14,2,3,0,0,6,1,2,0,0,0,0,0,3,0,0,0,1,2,2,1,1,0,3,5,1,0,17,0,3,0,4,1,0,0,1,0,2,2,1,0,1,0,15,5,0,0,0,0,0,0,0,0,4,0,0,1,2,3,2,5,2,0,1,0,1,3,2,39,25,1,1,0
inthenews,0,1,1,0,0,0,0,0,0,4,1,1,0,1,1,0,0,0,1,1,0,0,0,0,1,0,1,1,0,0,0,0,0,1,4,0,0,1,0,0,0,0,1,1,1,0,0,1,0,0,0,1,0,1,0,3,0,0,0,1,0,0,0,2,0,0,0,0,2,1,0,1,0,4,1,0,0,2,0,4,0,0,0,1,0,0,0,1,0,1,0,1,1,0,1,0,0,0,0,0,1,1,0,1,0,0,0,0,0,0,0,0,0,1,0,1,0,0,0,0,0,0,2,0,0,0,0,0,0,0,1,0,0,0,0,16,0,0,0,0,0,0,0,0,1,0,0,1,0,1,0,0,0,0,0,1,0,0,22,0,0,0,0,0,0,0,2,0,0,1,1,0,0,3,0,3,1,0,0,1,1,0,0,0,0,2,1,0,0,0,0,0,0,0,0,1,0,1,1,0,0,0,3,1,0,0,0,0,0,2,0,0,0,0,1,0,1,0,1,0,0,0,1,0,0,3,1,0,0,1,1,1,1,1,1,0,0,1,0,10,0,0,0,1,0,2,1,0,1,0,0,0,0,0,0,2,2,0,1,5,0,0,0,0,0,0,0,1,0,1,0,0,0,0,0,0,0,1,0,1,0,0,2,0,4,0,0,0,0,1,1,1,1,0,0,0,1,0,1,0,1,0,1,0,0,0,0,1,0,0,2,1,0,0,0,0,0,1,0,0,0,1,0,0,0,0,1,0,0,0,3,0,20,2,0,0,0,0,0,0,0,0,0,0,0,0,0,0,0,0,2,1,5,0,0,0,1,3,0,0,0,0,0,0,0,1,0,0,0,0,0,0,0,2,0,0,0,0,5,0,1,2,0,1,1,2,1,7,0,0,0,1,0,0,0,0,0,0,1,4,0,0,1,0,0,0,0,3,0,0,0,0,0,0,1,0,1,0,1,1,0,1,0,1,0,1,0,0,1,0,1,2,1,0,0,0,1,3,0,0,0,0,0,2,2,1,1,3,0,0,0,0,0,0,0,0,0,0,1,0,0,0,0,0,0,0,0,0,0,9,1,0,1,3,0,0,0,0,0,0,0,0,0,0,8,0,0,0,0,0,0,0,0,4,0,0,1,0,0,0,0,0,0,0,1,1,0,0,0,0,0,1,5,0,1,0,1,1,10,2,1,0,0,1,4,0,1,0,2,0,2,1,2,1,1,1,1,0,0,0,0,3,0,4,0,0,0,0,0,1,1,1,0,2,0,0,1,0,0,1,1,0,0,0,0,0,0,0,0,0,2,2,0,4,1,0,0,0,0,1,1,1,0,0,1,0,0,1,2,0,0,0,2,0,0,0,0,0,0,1,0,0,5,0,1,3,0,1,0,0,0,0,0,0,0,0,2,0,2,1,2,4,1,0,0,0,0,0,0,0,0,0,0,0,0,0,2,0,0,0,1,0,6,0,0,0,0,0,0,0,0,0,0,0,0,0,0,0,0,2,0,1,0,1,0,6,2,0,0,0,0,1,0,0,0,1,0,1,0,0,0,5,1,0,0,0,0,2,0,0,2,0,0,0,0,1,0,0,0,0,2,0,0,0,0,0,0,0,1,0,0,0,1,2,0,0,1,5,0,0,3,0,0,0,0,2,0,0,1,0,0,0,0,0,0,1,0,6,0,0,0,2,1,0,1,0,0,1,0,0,1,5,3,2,1,4,0,1,0,0,0,0,1,0,7,3,4,0,0,5,0,0,2,7,0,1,1,0,0,2,1,0,1,1,0,0,5,1,0,0,0,0,0,0,0,1,1,1,4,0,2,0,1,0,0,1,0,0,0,1,0,0,1,0,0,1,0,0,0,0,0,0,0,0,0,0,0,0,2,0,17,0,2,0,3,0,0,0,0,0,0,0,0,3,0,0,0,1,0,0,0,0,0,0,0,0,0,1,0,0,0,0,1,1,0,0,0,0,0,0,0,0,4,0,0,0,0,0,0,0,0,0,0,0,3,0,2,0,0,0,1,1,2,0,0,1,1,0,0,0,1,0,0,0,0,0,0,0,2,1,0,0,1,0,0,0,0,1,0,1,0,2,0,1,0,0,0,0,0,0,0,0,1,0,5,2,2,1,0,0,4,1,0,0,1,0,0,1,0,2,7,3,0,0,10,0,0,1,1,0,0,1,0,0,0,0,1,1,0,1,1,0,0,2,0,0,2,0,0,0,0,2,0,1,1,0,0,0,0,1,0,0,1,2,2,2,1,0,1,0
climate,0,1,2,0,3,0,0,0,0,2,0,0,0,0,1,0,0,1,0,0,0,0,0,0,0,0,0,1,0,0,0,0,0,0,0,1,0,2,0,0,0,1,0,0,1,0,3,0,0,0,0,0,0,0,1,0,2,0,2,0,0,0,1,0,0,3,0,0,3,0,0,1,0,2,1,0,1,4,0,2,0,2,3,4,0,0,0,0,0,0,0,0,0,0,1,0,0,0,0,1,0,0,0,1,0,0,0,1,0,0,1,2,0,0,0,0,0,0,0,1,1,5,5,0,1,0,0,0,0,1,0,0,0,1,0,7,0,1,0,0,0,0,0,1,0,0,0,0,0,0,0,0,2,0,1,1,0,0,17,1,3,0,0,0,0,0,2,3,0,1,0,1,0,0,1,0,0,0,0,0,0,0,0,0,0,1,2,0,0,0,0,0,0,0,0,0,2,3,0,0,0,0,0,1,1,0,1,0,0,0,0,0,0,2,1,0,0,0,0,0,2,1,0,0,0,0,0,0,0,0,1,0,0,0,0,0,0,0,0,0,0,0,0,0,1,1,0,0,0,2,1,0,0,0,0,5,7,3,1,9,4,0,0,0,0,0,2,0,0,0,0,0,0,3,0,0,0,0,0,0,1,0,3,0,1,2,1,3,0,2,1,0,1,0,0,1,0,0,0,1,0,3,0,0,0,0,0,0,0,0,0,0,0,0,0,1,1,0,0,0,0,2,0,0,1,0,0,0,0,0,0,0,0,0,3,0,0,0,0,0,0,0,0,0,0,0,0,0,0,0,0,0,0,0,0,0,0,0,0,0,2,22,1,0,0,0,0,0,0,0,0,0,0,0,1,2,0,0,3,1,1,5,0,1,1,0,2,0,0,0,0,0,0,1,1,0,0,0,0,4,0,0,0,0,0,0,0,0,0,3,3,0,0,0,0,0,0,0,0,0,0,0,1,0,0,0,0,0,2,0,0,0,0,0,0,0,0,2,1,3,1,1,0,0,0,0,4,0,0,0,0,1,0,0,1,0,2,0,0,0,0,0,1,1,0,0,0,0,1,0,0,0,2,2,2,1,0,0,0,8,0,0,0,0,6,0,0,1,0,0,0,0,2,6,0,0,0,0,0,1,0,1,0,1,0,0,0,1,0,2,2,1,0,0,0,1,1,0,8,0,0,1,0,0,1,0,2,1,0,3,3,1,1,0,0,1,2,0,0,0,0,2,0,1,1,0,0,0,0,0,1,1,1,3,0,1,2,0,0,0,0,2,0,0,0,1,2,2,2,1,1,0,0,0,0,0,0,0,0,1,1,0,0,0,3,0,0,0,0,0,0,0,0,0,2,0,0,0,0,0,0,2,7,0,2,1,1,0,0,0,0,0,1,1,0,0,0,0,0,1,2,0,1,0,0,0,1,0,0,0,0,0,0,0,0,0,0,0,0,5,1,0,9,0,3,1,0,0,0,1,0,2,0,0,0,0,0,0,0,1,0,0,1,0,0,0,0,0,2,0,0,0,0,0,0,0,0,0,0,0,0,0,0,0,0,0,0,10,0,1,2,2,0,0,0,0,0,0,0,0,0,0,1,0,0,0,0,0,0,0,0,0,0,0,0,3,0,2,0,0,7,2,0,0,0,0,0,0,2,1,0,0,1,0,0,1,1,0,0,0,0,0,1,0,1,1,0,3,0,0,15,1,0,0,0,0,13,0,0,0,1,1,2,0,2,1,3,1,0,0,0,0,0,0,0,0,0,0,0,0,0,0,0,1,1,0,0,3,0,0,1,0,2,0,0,1,1,1,0,1,1,0,0,0,0,0,0,2,1,0,0,1,0,0,0,0,0,0,0,0,0,0,0,2,0,0,1,0,0,0,0,0,0,3,3,0,0,0,0,0,0,0,1,0,0,0,0,0,0,0,0,1,0,0,0,0,0,0,0,0,0,0,1,1,0,3,1,0,0,1,0,0,1,0,0,0,0,0,0,0,0,0,1,3,2,0,1,0,1,1,0,0,1,0,0,0,1,3,2,2,0,0,0,0,1,0,0,1,0,2,1,0,1,0,0,0,1,0,0,0,0,0,0,2,0,0,4,2,3,0,0,0,0,0,0,0,0,0,0,0,7,1,2,0,0,0,1,0,0,0,3,2,0,2,0,0,1,1,0,0,0,0,0,0,0,0,0,0,0,0,0,0,0,0,1,0,1,0,0,1,3,0,3,0,7,0,1,0,0,1,0,0,4,2,1,0,0,0,0,4
atheism,1,0,0,0,0,0,1,2,0,0,0,1,0,1,1,0,0,0,0,2,3,1,0,1,2,0,0,3,4,1,0,1,0,2,1,0,0,0,0,0,0,0,0,1,0,0,0,2,0,0,1,5,0,0,0,0,2,1,0,0,0,0,0,0,1,5,0,0,5,0,1,0,0,15,3,1,1,2,11,1,0,0,0,0,0,1,0,3,0,0,0,2,0,0,0,1,2,0,0,0,0,0,0,0,2,0,0,0,0,0,0,0,0,0,1,0,0,2,0,0,0,0,9,1,0,0,1,1,1,1,3,0,1,0,0,7,0,0,1,0,0,0,1,0,1,0,1,0,0,0,0,0,1,0,0,0,2,0,8,1,0,0,0,0,0,1,3,1,1,7,0,0,0,1,0,1,1,0,1,1,1,0,0,0,0,0,2,1,1,0,0,0,0,0,1,0,2,2,0,1,0,0,0,2,2,0,0,0,0,0,2,0,1,2,2,0,1,0,7,1,1,0,4,0,1,1,0,0,1,0,1,0,0,0,4,0,0,0,0,0,1,6,2,3,3,2,2,2,0,3,0,0,1,0,0,5,2,1,0,10,3,0,0,0,0,0,0,1,0,14,0,1,0,2,0,0,0,3,1,0,0,0,0,0,8,1,0,0,0,6,0,0,1,0,0,1,1,0,1,3,0,0,1,0,0,0,0,2,1,0,1,1,0,0,0,2,1,0,1,0,0,0,1,0,0,1,0,0,2,0,1,0,0,0,0,0,1,0,0,0,0,0,0,0,0,0,0,0,0,0,0,2,5,0,0,0,0,3,0,0,0,0,0,0,0,2,0,0,0,1,3,0,0,1,0,2,26,2,11,0,2,4,0,0,2,0,0,0,0,2,0,0,0,1,1,0,1,0,0,0,0,0,0,2,1,2,1,5,1,0,2,0,1,1,0,1,0,0,2,1,0,0,0,0,0,1,0,0,2,0,0,0,1,0,0,0,1,4,1,3,3,1,0,0,0,1,1,0,3,1,0,0,0,0,0,0,2,1,0,0,0,0,0,1,0,0,1,0,0,0,0,0,1,6,3,0,1,0,13,0,0,0,2,0,15,0,2,1,3,2,0,0,1,7,0,2,0,1,0,1,0,0,0,0,1,0,0,1,1,1,0,3,0,0,0,1,8,0,13,0,0,1,0,2,2,0,5,0,0,0,4,1,0,2,0,1,1,1,0,0,0,1,0,5,0,0,0,0,0,0,0,0,1,3,0,0,0,0,1,0,4,0,0,0,0,1,0,0,1,0,0,0,0,0,1,0,0,0,0,0,1,4,0,1,1,0,0,1,0,2,0,0,1,0,0,0,1,0,0,0,1,0,4,0,0,10,1,1,0,0,0,0,0,0,0,1,0,0,1,0,0,2,1,2,1,0,1,0,0,1,0,0,0,0,0,5,0,0,0,1,0,0,17,1,1,1,0,0,0,1,0,4,0,6,11,0,0,0,0,1,0,0,1,1,0,0,0,1,5,0,0,0,0,1,0,0,0,0,0,0,3,0,3,0,0,1,1,0,1,1,1,1,2,0,0,0,1,1,0,0,0,0,1,0,0,1,0,0,2,1,0,1,0,0,0,1,0,5,1,0,4,3,0,0,0,0,0,0,0,0,0,1,0,13,10,1,0,0,0,0,0,1,0,1,0,0,2,2,1,0,0,2,0,0,0,0,0,0,0,0,0,4,2,0,6,4,1,0,0,0,2,1,1,1,0,4,0,1,0,0,1,1,0,1,0,0,9,0,0,0,1,0,0,1,0,0,0,0,0,1,0,0,0,0,3,0,0,0,0,0,0,0,1,0,0,0,0,0,0,0,0,6,0,0,0,0,1,0,0,0,1,0,0,0,1,0,1,0,0,0,0,0,3,2,0,0,0,3,1,0,0,0,0,1,1,2,1,0,0,0,0,0,1,2,1,0,1,0,0,0,0,0,3,0,0,0,0,0,0,0,1,2,4,1,9,3,1,1,0,0,0,0,3,3,5,0,2,0,0,0,0,0,0,0,0,0,3,2,1,0,0,2,0,1,0,0,0,0,0,1,1,0,1,0,0,0,0,0,1,0,0,0,7,0,0,0,1,1,4,0,3,0,0,1,0,0,1,1,0,0,0,5,0,0,0,0,0,0,0,0,0,0,0,0,1,0,0,0,0,0,0,0,2,1,1,1,2,0,1,1,0,1,0,0,18,0,0,3,1,1,0,0,2,0,1,0,6,2,0,0
UpliftingNews,2,0,0,0,0,0,2,0,0,0,0,0,1,0,0,0,1,0,0,1,1,0,0,1,2,0,1,1,0,0,0,0,0,0,0,0,0,0,0,0,0,1,3,1,0,0,0,0,0,0,2,0,0,0,2,0,0,0,1,0,1,1,0,0,0,1,1,0,2,1,1,0,0,0,0,0,0,1,0,1,0,0,0,0,0,2,0,0,0,0,0,0,0,1,0,0,3,0,0,0,4,0,0,0,0,0,1,0,0,0,0,0,0,2,1,3,0,0,0,0,0,4,1,1,0,0,0,0,0,0,0,1,0,0,1,7,1,0,0,0,1,0,0,0,0,0,0,0,0,1,0,0,0,0,0,0,0,0,14,1,0,1,0,0,0,1,3,1,0,1,0,2,1,0,1,0,1,0,0,0,0,0,0,0,0,1,0,0,2,0,1,9,0,1,0,0,1,0,0,0,0,0,0,0,0,2,1,0,0,1,1,1,0,0,0,1,3,0,2,0,0,1,1,0,0,1,0,1,1,0,2,0,0,0,0,0,0,0,0,0,0,0,0,0,3,1,1,0,0,1,0,1,1,0,0,2,1,5,0,5,0,0,0,0,0,0,1,0,0,1,0,0,0,0,0,0,0,0,0,0,0,0,0,0,0,3,0,0,1,2,3,0,1,0,0,0,0,0,0,0,1,0,0,0,1,0,0,1,0,0,1,1,0,0,0,0,0,0,0,0,0,3,1,0,0,0,0,0,1,0,0,1,0,0,0,0,0,1,1,5,0,0,0,0,0,2,0,0,1,0,0,2,1,2,0,0,0,1,0,0,1,0,0,0,0,0,0,0,1,0,1,2,2,0,1,0,0,1,6,0,0,8,0,1,0,4,2,0,0,3,3,0,2,1,0,0,1,0,2,1,0,0,1,0,0,0,0,0,0,0,0,1,0,0,1,0,0,0,3,5,1,0,0,1,1,0,0,0,0,1,0,3,6,0,0,0,0,6,2,0,0,0,0,0,0,0,3,0,0,0,0,1,1,0,0,0,0,0,1,0,0,0,1,3,0,3,0,0,1,0,1,0,0,1,1,0,0,0,0,0,6,13,0,0,7,0,1,0,0,0,3,0,0,1,0,0,0,0,1,2,2,2,0,0,0,0,0,0,0,0,0,2,1,0,0,1,2,0,19,1,0,1,0,0,0,0,0,0,0,2,2,0,2,2,0,0,2,1,0,1,0,3,2,4,2,1,0,0,0,0,0,0,0,3,2,0,0,0,0,2,1,1,0,3,0,0,2,1,0,0,0,1,1,0,0,0,0,0,6,0,2,0,0,2,0,0,0,0,0,0,0,0,0,1,0,0,1,0,1,1,0,0,6,0,1,4,2,0,0,0,0,0,0,1,0,0,0,0,1,0,0,1,0,6,0,0,0,0,0,0,0,0,0,0,0,1,0,0,0,3,0,0,13,0,0,0,0,0,1,0,0,1,0,0,1,1,1,0,0,0,0,0,0,0,0,0,0,0,0,1,2,0,1,0,1,1,0,0,0,0,0,3,0,0,0,0,0,0,0,1,0,0,0,0,1,12,0,1,0,0,0,0,2,1,0,0,1,0,0,0,0,0,0,0,0,0,0,0,0,0,3,0,0,0,0,1,0,1,0,0,0,0,1,0,0,0,0,1,1,1,0,1,2,0,1,0,0,0,1,0,0,2,0,0,0,0,0,0,0,0,0,1,0,0,0,0,0,1,0,1,0,0,1,0,0,2,0,0,0,0,0,1,0,0,0,0,2,0,2,0,0,0,0,10,0,0,0,1,0,0,1,0,0,0,0,0,1,0,0,0,0,0,0,0,2,1,0,0,0,0,5,1,0,1,0,0,4,0,0,1,0,0,1,0,0,1,0,1,0,0,0,0,4,0,0,2,0,0,0,0,0,1,0,1,0,0,0,0,0,0,0,0,1,1,0,0,0,2,0,0,0,0,0,0,0,0,1,0,0,0,1,1,5,1,1,0,0,2,0,0,0,1,2,0,0,0,1,1,0,1,0,0,1,0,1,0,0,0,0,0,0,1,0,0,0,1,0,0,0,0,0,0,0,1,0,0,5,0,0,0,0,0,2,0,1,0,1,0,1,0,1,1,0,1,0,0,0,0,0,0,0,2,0,0,0,0,0,0,1,0,0,0,0,0,0,0,1,0,1,0,0,0,0,0,0,0,2,0,0,0,8,0,2,2,0,0,1,0,0,0,0,1,1,4,2,3,2,2,4,0
Damnthatsinteresting,4,3,3,3,0,0,0,1,0,0,0,0,0,0,1,3,0,1,0,0,0,1,0,0,0,0,0,1,0,0,0,0,2,4,4,0,0,0,0,0,0,0,0,1,0,1,0,0,0,0,0,3,0,0,0,0,0,0,2,0,0,0,0,4,1,0,0,0,1,0,2,0,1,1,0,2,0,3,0,3,0,4,0,2,0,0,0,2,0,0,0,0,0,1,0,0,1,0,0,0,1,0,0,1,1,1,0,0,0,0,1,1,0,1,0,0,0,0,0,0,0,2,0,0,0,1,0,1,1,0,1,0,1,0,0,10,0,0,0,1,0,0,0,0,0,2,0,0,0,0,1,0,1,0,0,1,1,2,8,0,0,0,0,0,4,0,0,1,1,1,0,0,0,0,0,0,0,0,0,0,0,0,1,1,1,1,1,0,2,2,4,0,1,0,2,0,0,0,1,2,0,1,0,2,2,0,2,0,0,0,0,1,0,0,0,3,0,5,1,0,0,1,0,0,0,1,0,0,1,14,1,0,0,0,0,2,0,0,0,0,1,0,0,0,2,2,1,0,2,1,0,0,0,0,0,3,11,0,0,7,2,0,0,1,0,0,0,0,0,10,1,0,0,0,1,1,3,0,1,1,0,0,1,0,1,2,0,0,0,1,1,0,0,0,0,1,0,0,0,1,1,0,0,0,0,1,4,1,1,0,0,4,1,1,0,0,2,0,0,1,3,0,0,0,0,0,0,0,1,0,0,0,0,0,0,0,1,0,2,0,0,0,0,0,0,0,0,0,0,0,0,4,1,0,0,0,0,1,1,1,2,0,0,0,0,0,0,0,0,2,3,0,0,1,0,11,1,0,6,0,0,3,0,1,1,0,1,0,2,4,1,2,0,0,0,0,0,3,0,0,1,0,0,0,0,2,1,1,0,0,3,0,2,0,0,0,5,0,0,0,0,1,0,1,3,2,1,0,1,0,0,0,1,1,5,0,0,0,1,4,0,2,1,0,1,7,0,0,1,0,0,1,0,0,1,0,1,1,1,0,0,1,1,0,0,0,0,0,1,0,2,0,0,0,0,0,0,0,0,0,0,2,1,0,8,0,3,0,0,0,0,1,0,6,0,1,1,0,0,0,2,1,0,0,0,0,0,0,0,1,0,2,2,1,0,0,2,1,11,0,2,0,0,0,0,1,1,0,0,2,4,0,1,6,1,4,1,2,0,0,0,2,0,1,1,0,0,0,0,0,1,0,0,5,0,1,0,0,0,0,1,0,1,0,0,4,3,1,2,0,0,0,1,0,0,0,0,0,0,3,1,0,1,0,3,1,0,0,0,1,0,0,0,0,0,0,0,1,0,0,0,0,1,1,0,1,1,1,0,0,0,1,1,2,0,0,1,0,3,0,0,0,0,5,0,0,0,1,0,0,0,0,0,0,0,0,0,0,0,0,1,0,12,3,1,0,0,0,1,0,0,0,1,0,3,0,1,0,0,5,1,0,0,0,1,0,0,2,1,5,0,1,1,0,0,1,0,0,0,0,0,0,1,0,0,0,0,0,0,1,0,0,0,0,3,0,1,0,0,0,1,0,0,0,0,3,0,0,2,0,0,0,0,0,0,1,0,3,0,2,15,2,0,0,0,1,0,0,0,0,0,1,1,1,0,1,0,1,0,0,0,0,0,0,0,0,1,0,0,0,1,2,2,0,0,0,0,1,2,0,0,0,0,0,1,2,0,3,3,4,0,0,0,0,0,0,0,1,1,0,1,0,0,1,0,0,2,0,0,0,2,1,1,1,0,1,0,0,0,1,0,0,1,0,0,0,0,0,0,0,0,0,0,1,0,0,0,1,0,1,0,1,0,0,0,0,2,2,3,0,0,0,0,0,1,0,0,0,0,0,1,0,1,0,0,0,0,0,0,0,0,0,0,2,0,1,0,0,0,0,0,0,0,1,0,2,0,0,1,0,0,0,2,1,8,3,2,0,1,0,0,1,4,2,8,0,0,1,0,2,0,1,6,0,1,2,0,0,0,0,0,0,0,0,0,0,1,1,0,1,0,2,0,0,0,0,1,0,0,1,0,0,1,0,0,0,5,0,1,0,0,0,0,0,0,0,0,0,0,0,4,0,0,5,2,3,7,0,0,0,4,1,0,0,1,0,1,0,1,0,0,0,0,0,0,0,0,0,0,0,1,0,0,0,0,2,0,0,0,0,0,0,1,0,8,0,1,2,1,2,3,1,0,0,1,5,18,3,1,1
politics,0,0,1,0,0,0,1,0,0,0,0,0,0,0,0,0,0,0,0,0,0,0,0,0,1,1,0,4,0,0,1,0,0,0,0,1,0,0,0,0,0,0,0,2,1,1,0,1,1,0,0,0,0,0,0,1,1,1,0,0,0,1,0,0,0,0,0,0,2,1,0,0,0,3,1,0,0,2,1,0,0,1,0,1,0,0,0,1,0,0,0,0,1,0,0,0,0,1,0,0,0,1,0,0,0,1,0,0,0,0,0,0,0,0,0,3,0,0,0,0,0,0,2,1,0,0,0,1,1,0,0,0,0,0,3,14,0,0,0,0,0,0,0,1,1,0,0,0,0,1,0,0,0,0,0,0,1,0,23,0,0,0,0,0,0,0,1,0,0,1,1,1,1,1,1,2,1,0,0,0,1,2,0,0,0,0,0,0,0,0,0,0,0,1,1,0,0,3,0,1,0,1,0,0,2,0,0,0,0,0,2,0,0,1,1,0,0,0,2,1,0,2,3,0,0,0,0,0,0,0,0,0,0,0,0,0,1,1,0,10,0,0,0,0,0,3,0,0,1,2,0,0,1,2,1,3,4,1,1,9,0,0,1,0,0,0,0,2,0,0,0,0,1,0,0,1,0,1,0,0,0,0,1,0,2,2,0,0,0,0,0,0,0,0,0,0,0,0,1,0,1,0,1,1,0,0,0,0,0,1,1,2,3,0,0,0,0,0,1,0,0,0,0,0,0,0,0,0,0,0,1,1,23,0,0,0,0,0,0,0,0,0,1,0,0,1,0,0,0,2,2,0,15,1,0,0,1,2,1,0,0,0,0,0,0,0,0,0,0,0,1,0,0,0,0,0,0,0,3,0,1,3,0,5,0,0,2,3,0,0,0,0,1,1,0,0,0,0,0,8,1,0,0,0,1,2,1,1,0,0,4,0,2,1,3,0,0,0,1,0,0,2,0,1,1,3,0,0,3,2,0,0,0,0,0,0,1,1,1,2,1,0,0,3,3,0,0,0,0,2,0,0,0,0,0,0,0,1,0,0,1,1,0,0,0,0,1,0,0,7,0,0,0,3,0,0,0,0,0,0,0,1,2,0,11,0,3,2,1,0,1,1,0,4,0,0,2,0,0,1,0,1,0,0,1,0,0,0,0,0,0,4,2,3,1,1,1,0,5,1,0,0,2,1,6,1,0,0,0,1,5,0,1,0,0,6,0,0,0,0,0,2,0,0,1,0,0,1,0,1,0,1,1,2,1,0,2,0,0,0,0,0,0,0,0,0,0,5,0,1,0,0,1,4,1,0,0,0,0,1,1,1,0,0,2,0,1,0,5,2,0,0,0,0,0,0,1,0,2,0,0,0,1,1,1,1,0,1,0,0,1,0,0,0,0,0,0,2,4,2,0,0,3,2,0,0,0,0,0,0,0,0,0,0,0,0,2,0,0,0,0,0,10,0,0,3,0,0,0,2,0,0,0,0,2,0,0,0,0,1,0,0,0,1,0,4,4,0,0,0,0,0,0,0,1,1,0,0,0,0,0,7,2,0,0,0,0,0,2,0,0,0,0,1,0,0,0,0,0,0,0,0,0,0,0,0,2,0,0,0,0,1,0,2,0,0,0,1,0,0,3,0,1,0,0,1,0,1,0,0,0,0,1,0,1,1,0,0,0,0,1,2,2,0,0,0,0,2,1,0,0,5,2,2,0,3,1,0,1,1,0,4,1,0,0,1,5,0,0,1,1,1,1,3,2,0,0,0,0,1,1,0,0,0,0,0,6,0,0,0,0,1,1,0,0,0,0,0,2,0,3,0,0,0,0,0,2,0,0,0,0,0,1,0,0,0,0,0,0,1,0,0,0,0,0,0,1,0,1,1,13,2,4,0,1,0,0,0,0,0,0,0,0,3,0,3,0,0,0,0,1,1,0,2,0,0,1,2,0,0,0,0,0,0,0,1,0,0,0,0,0,0,3,0,0,1,0,0,0,1,0,0,3,1,3,0,1,1,0,0,0,1,3,1,0,0,0,0,0,0,0,0,0,0,0,0,0,1,3,0,0,0,1,0,0,1,0,0,2,2,0,2,0,0,0,1,0,0,0,0,0,0,1,0,4,0,0,5,0,0,1,2,3,1,0,0,0,1,0,1,2,2,0,0,11,0,1,1,0,0,0,0,2,0,0,0,1,1,0,0,0,0,0,13,1,2,0,0,0,1,2,2,0,0,3,0,0,0,1,0,1,0,0,1,3,2,1,2,0,0
MurderedByWords,0,0,0,0,1,0,0,0,0,0,0,1,2,0,0,1,1,0,0,0,0,0,0,1,0,0,0,3,0,1,1,0,1,0,0,0,0,0,0,0,0,0,1,0,0,1,0,0,3,0,0,1,2,0,1,0,1,0,2,3,0,1,0,0,0,1,1,0,7,0,0,2,0,2,1,3,0,1,0,3,0,0,1,0,0,0,1,0,0,0,1,0,0,0,0,0,0,0,0,0,0,0,0,3,1,0,0,0,1,0,0,0,0,1,0,0,0,2,0,0,1,0,2,0,2,1,1,1,0,0,0,0,0,2,0,3,0,1,0,0,0,1,0,0,0,1,1,0,0,0,0,0,0,0,1,2,1,0,7,0,0,3,0,0,0,0,1,0,0,0,0,0,0,1,0,1,0,0,0,0,3,4,1,1,0,1,1,1,0,0,1,0,1,0,0,1,2,0,0,0,2,0,0,0,0,0,1,0,0,1,2,0,0,0,0,2,0,0,2,1,1,2,1,1,0,1,0,0,0,0,1,0,0,0,0,1,2,0,0,0,0,0,0,0,3,2,0,0,0,1,1,0,0,0,0,3,6,2,0,9,0,0,0,1,0,0,0,4,0,2,0,0,2,0,0,0,2,0,1,0,0,0,2,0,1,0,0,0,0,1,1,0,0,0,1,0,0,0,0,0,0,4,1,1,1,1,1,0,0,0,0,3,1,1,1,0,1,0,0,0,0,3,0,0,0,0,1,0,2,6,0,0,0,0,0,0,0,1,0,0,0,1,2,0,0,1,0,0,1,0,5,1,14,3,1,2,0,0,1,1,1,0,2,0,1,0,0,0,0,1,5,0,1,0,0,4,1,0,4,3,0,6,0,6,0,1,0,0,0,1,1,1,0,0,0,0,0,0,1,3,0,0,0,0,0,1,9,0,0,2,3,2,2,1,0,1,0,0,1,1,0,0,2,1,1,0,0,4,0,0,0,1,0,0,1,0,0,3,4,0,0,2,0,0,0,2,1,8,0,1,2,1,1,0,2,0,0,0,0,0,0,0,0,0,0,0,0,0,3,0,0,0,0,2,3,1,0,0,0,0,0,0,0,0,10,0,0,0,0,0,2,0,0,10,0,0,2,0,2,0,0,2,1,0,0,0,5,2,1,0,0,0,1,0,2,1,2,1,15,0,0,0,0,1,2,0,0,0,0,0,0,1,2,2,2,0,0,0,0,1,0,1,0,2,0,1,0,0,2,0,0,3,0,5,4,5,0,0,0,0,0,0,0,0,33,0,2,1,0,1,0,1,0,0,2,0,0,0,0,0,0,0,0,0,1,0,0,0,2,1,0,0,0,0,1,3,0,0,0,2,0,0,3,2,0,0,2,0,0,0,0,0,0,0,0,0,0,1,0,0,1,0,0,1,0,0,1,0,0,0,0,16,0,0,0,0,0,2,0,2,0,0,26,0,1,0,0,0,0,1,0,1,1,0,2,0,2,0,0,3,0,0,0,1,0,0,0,0,1,0,0,2,0,0,0,3,0,0,0,0,0,0,1,1,0,0,0,0,0,0,5,3,0,0,0,0,0,0,0,0,0,0,0,1,1,0,0,1,0,0,0,3,0,2,0,0,0,2,1,0,6,1,0,0,0,0,0,0,0,1,0,0,0,0,1,12,3,0,0,0,0,0,0,1,0,1,1,0,0,0,0,4,0,0,2,0,1,2,0,0,1,7,0,0,2,2,1,0,0,3,1,0,0,0,0,0,0,0,1,0,0,0,2,0,0,0,9,0,0,0,1,2,1,0,1,0,0,2,0,1,1,0,0,1,1,0,0,0,0,0,3,0,0,0,0,0,0,0,0,0,0,0,0,0,0,0,0,0,2,0,1,1,0,1,3,0,0,1,2,0,0,1,2,7,0,0,0,0,0,0,1,0,0,0,0,0,1,1,0,2,1,1,0,0,6,2,0,0,0,0,0,0,0,0,0,0,0,1,2,1,0,0,4,3,7,0,1,1,0,0,0,0,5,0,0,1,3,1,1,1,0,0,0,0,0,0,0,0,0,0,1,2,2,0,2,0,1,2,0,1,0,0,0,0,0,0,1,2,2,0,0,0,1,0,0,0,0,1,0,36,0,0,1,0,1,0,1,2,0,0,0,3,0,0,0,0,0,1,1,1,0,0,0,0,0,0,0,0,0,1,0,0,0,0,0,1,0,0,0,2,2,2,0,1,5,1,1,0,2,0,0,0,2,2,1,1,4,1,0,0
MapPorn,1,2,1,0,0,0,1,0,0,1,0,0,1,0,5,1,2,0,0,0,0,0,0,0,0,0,2,4,0,0,0,0,1,0,1,2,0,1,17,0,0,0,0,5,2,0,0,2,1,2,1,4,1,0,0,3,1,0,0,0,0,0,0,0,0,0,0,0,1,0,4,0,0,5,1,1,0,1,0,1,0,0,0,0,0,1,0,1,0,2,0,0,0,1,0,0,0,0,0,0,0,0,1,0,0,0,0,0,0,0,0,0,1,2,0,0,8,0,0,0,0,0,2,0,0,2,0,3,3,0,5,0,0,0,0,21,1,0,0,0,0,0,0,1,0,0,0,0,2,0,0,0,1,0,0,0,2,1,24,1,0,4,0,0,1,0,0,0,1,1,0,0,0,0,0,2,0,0,0,0,1,0,0,0,0,0,0,0,0,0,0,0,0,0,0,0,1,1,0,0,0,0,0,0,2,0,0,1,0,1,1,0,0,0,0,1,2,2,1,0,0,0,0,0,1,0,2,0,0,0,1,0,0,0,0,0,0,0,0,0,0,0,0,0,3,3,0,0,1,1,0,1,0,0,0,0,6,0,0,2,0,0,0,0,0,0,1,2,1,1,1,1,0,0,1,1,0,0,0,0,0,0,0,0,0,2,0,0,1,0,0,0,0,0,1,0,0,0,0,0,0,0,1,0,0,0,1,0,0,0,0,0,1,0,1,0,0,0,0,0,0,1,0,0,0,0,0,0,0,0,1,0,1,0,0,0,1,0,0,0,0,0,0,0,0,0,0,0,1,0,0,3,3,0,0,1,0,0,0,0,2,0,0,0,0,0,0,0,0,2,0,0,0,0,1,2,1,1,1,0,1,3,0,0,0,0,0,0,0,1,0,0,0,0,0,0,0,0,0,0,0,0,3,2,0,2,1,1,0,0,2,0,1,0,0,0,0,0,1,0,0,0,2,4,0,0,0,0,3,0,0,0,0,1,0,0,1,0,1,4,0,14,0,0,0,3,0,0,1,0,0,0,1,0,0,0,0,0,0,0,0,0,0,1,1,0,0,0,1,0,1,3,0,5,0,0,0,0,1,0,1,1,0,0,10,0,0,0,0,0,1,0,1,3,1,1,0,1,0,1,1,1,1,0,0,0,0,0,0,0,0,0,2,0,0,0,0,0,8,3,0,1,0,0,0,1,2,0,0,0,1,0,4,0,1,2,1,1,0,0,1,2,0,0,2,0,0,0,0,0,0,1,1,1,3,0,1,0,9,0,0,0,0,0,0,1,1,2,1,0,0,0,0,0,0,1,0,0,0,0,0,0,0,0,1,0,0,0,1,1,1,0,0,0,0,0,0,0,2,0,0,0,0,1,0,0,0,0,0,0,6,5,0,0,1,1,0,0,1,0,0,7,0,2,0,0,0,2,0,0,0,0,0,0,0,0,0,0,0,2,0,0,9,0,0,0,0,0,0,0,0,0,1,0,0,0,0,0,0,0,0,0,0,1,0,0,1,0,0,2,0,0,0,0,0,1,0,0,0,0,0,0,0,0,0,0,0,0,0,1,4,0,1,0,1,0,0,0,1,1,0,0,1,0,0,3,0,1,0,0,0,0,1,0,0,1,1,2,2,0,3,1,0,0,0,6,0,0,0,0,0,0,1,0,0,0,0,0,0,0,1,0,0,0,1,1,1,1,0,0,0,0,0,0,0,0,0,0,0,3,0,1,0,0,0,0,0,5,0,5,0,0,0,2,4,0,0,2,1,0,0,1,0,0,2,0,0,0,1,0,0,1,0,0,0,0,0,1,0,0,1,0,3,0,0,0,0,0,0,0,0,0,0,2,0,1,0,0,1,1,0,1,0,1,2,0,0,0,1,0,4,0,3,0,2,0,1,0,1,0,0,0,0,3,1,0,0,0,1,1,0,1,0,0,0,4,0,1,0,0,0,0,1,0,0,0,0,0,0,0,0,1,1,0,1,1,0,6,0,0,1,0,1,0,4,1,0,1,0,0,0,0,0,0,1,0,0,0,1,1,0,0,0,0,0,0,0,0,1,0,0,0,0,0,0,0,0,0,0,2,0,0,0,0,0,0,0,0,0,2,0,0,5,0,1,0,0,1,0,0,1,0,0,0,1,1,4,0,0,0,0,1,0,0,0,0,0,0,1,0,0,0,0,0,0,0,0,0,0,0,1,0,1,0,0,0,2,0,0,0,1,0,1,1,3,0,0,1,1,0,0,0,2,0,1,2,3,2,0,0
WomenInNews,0,0,0,0,1,0,0,0,0,0,2,0,0,0,0,0,0,0,0,0,0,0,0,0,0,1,0,2,0,0,0,2,0,1,0,0,0,0,0,0,0,0,1,1,3,0,1,0,0,0,0,1,0,0,1,1,0,0,0,0,0,0,0,0,0,1,0,0,1,0,0,0,0,2,1,0,0,0,0,1,0,1,0,0,0,0,0,0,0,1,3,0,1,1,0,0,3,0,1,0,0,0,0,0,0,0,0,0,2,0,0,0,0,0,0,0,0,0,0,0,0,0,7,4,0,0,0,1,0,0,0,0,0,0,0,16,0,0,0,0,0,0,0,6,19,0,5,4,0,0,0,0,0,0,0,0,0,0,15,0,0,0,0,0,0,0,0,0,0,1,2,1,0,0,0,1,1,0,2,0,0,1,0,0,0,0,2,0,0,0,0,0,0,0,1,0,1,3,0,0,1,0,0,0,0,0,0,0,0,0,0,0,0,1,0,1,0,1,0,0,0,0,0,0,0,0,0,0,0,0,1,1,0,0,0,0,0,0,23,0,1,0,0,0,0,2,1,0,1,0,0,0,0,0,0,6,7,0,0,15,0,0,0,0,0,0,4,0,0,1,0,0,0,1,0,0,0,0,0,0,0,0,0,0,0,0,2,0,0,1,1,0,0,0,0,0,0,0,1,1,0,1,1,2,0,0,0,0,0,0,1,3,0,0,0,1,0,0,1,0,0,3,0,0,1,0,0,0,0,0,0,0,0,0,0,0,0,0,0,0,0,1,0,0,0,0,0,0,0,1,2,0,5,0,0,0,0,2,0,0,0,0,0,0,0,0,0,0,0,2,2,0,0,0,0,0,2,0,3,1,0,3,1,1,0,0,0,0,0,2,0,0,0,0,0,0,0,0,0,6,1,0,1,0,0,2,0,0,0,0,2,0,10,1,1,0,0,0,1,0,0,1,0,1,0,0,0,2,0,0,1,1,0,1,0,0,0,0,1,1,0,0,0,0,1,0,2,3,0,0,0,0,1,0,0,0,1,0,1,1,0,0,0,0,0,0,0,0,0,0,0,0,0,2,0,1,0,10,0,0,1,0,0,0,8,1,18,1,0,0,1,0,0,4,0,0,1,0,0,0,1,0,0,0,0,0,0,0,0,0,1,1,0,0,0,0,1,0,5,1,0,0,1,0,0,0,2,0,1,1,3,0,0,1,0,0,0,0,0,0,0,2,0,0,0,1,0,0,0,1,1,0,0,4,1,0,5,0,0,0,0,0,0,0,0,1,2,1,2,0,7,0,0,0,0,0,0,0,0,0,2,1,0,0,0,0,0,0,1,0,0,0,0,0,0,0,0,0,0,0,0,0,2,0,1,0,0,0,0,1,0,0,1,0,0,0,0,0,0,0,2,0,1,0,1,0,0,3,0,0,0,0,0,0,0,0,1,0,0,0,0,0,8,0,4,2,0,0,0,0,0,2,0,0,4,0,0,0,0,2,1,0,0,1,1,0,0,2,0,2,0,0,0,0,0,0,0,0,0,0,0,2,1,1,0,0,0,1,0,1,1,0,0,1,0,0,0,2,0,0,0,0,1,0,0,1,0,1,0,0,0,0,1,1,0,0,0,1,0,0,3,5,5,0,0,1,0,0,0,0,0,0,0,0,0,0,0,0,0,0,0,2,4,0,0,1,2,0,0,0,0,2,0,0,1,0,0,0,0,0,0,1,0,0,2,0,3,0,1,0,1,0,0,0,1,0,0,1,0,1,1,1,1,0,0,0,0,0,1,0,0,1,2,0,0,0,1,1,0,0,1,0,0,0,0,0,0,0,0,0,0,0,0,0,0,0,0,0,0,1,0,0,0,0,0,0,1,0,0,0,1,0,0,1,3,0,0,0,1,0,0,0,0,1,0,0,0,2,1,0,0,0,0,1,0,0,0,0,0,0,0,0,0,0,1,0,0,0,0,0,0,0,0,0,0,0,0,0,0,0,0,0,1,2,3,3,0,1,0,0,0,0,2,0,0,0,0,0,0,0,0,0,0,0,0,0,0,0,5,0,0,0,5,0,0,0,0,0,0,3,0,0,1,0,0,0,0,0,0,0,0,16,1,0,1,0,0,0,0,0,11,0,2,1,0,0,1,0,0,1,0,3,0,0,0,0,0,4,2,0,0,4,0,0,0,0,0,0,0,0,0,0,0,0,22,1,1,0,1,0,2,1,0,0,7,0,0,0,1,0,2,0,0,0,0,0,3,0,0,0
facepalm,4,0,2,0,0,0,0,0,0,1,0,1,0,0,1,2,0,0,0,0,1,0,0,0,1,0,2,1,0,3,0,0,1,0,2,1,0,0,0,0,0,0,0,1,1,0,0,1,0,2,0,1,0,0,1,0,0,1,0,1,0,1,0,2,0,2,0,0,3,1,0,0,1,6,1,2,0,1,0,0,0,1,0,0,0,0,0,1,0,0,0,0,0,0,0,1,0,1,1,0,0,0,0,1,1,0,0,0,0,0,0,0,0,0,1,0,1,0,0,0,0,0,0,0,0,0,0,0,0,2,1,0,0,1,0,26,0,1,2,0,1,0,0,0,0,2,0,0,0,0,0,0,0,0,0,0,0,0,26,0,1,1,0,0,3,0,4,0,1,1,0,3,0,0,0,0,1,0,0,0,3,0,0,0,0,0,1,1,1,1,0,0,0,0,0,0,0,0,0,0,0,0,1,0,2,1,0,1,0,0,0,0,0,0,1,1,0,1,0,0,0,0,1,0,2,1,0,1,0,4,1,0,0,0,1,1,2,2,0,2,0,0,0,0,2,0,5,0,0,0,0,0,0,2,0,0,5,1,0,12,2,1,1,2,0,0,1,1,1,1,0,0,0,0,0,0,0,1,0,0,0,0,2,2,2,1,0,0,0,0,0,0,0,0,0,1,0,1,2,0,0,0,0,2,0,6,0,0,0,0,0,1,0,0,0,0,0,0,1,1,1,0,0,0,1,0,1,0,1,0,1,0,5,0,0,0,1,0,0,0,0,2,0,0,0,0,0,0,0,0,2,3,6,1,0,2,1,0,0,0,0,0,1,0,0,0,0,0,0,1,3,2,0,1,0,7,1,0,7,1,5,1,0,1,1,0,0,0,0,1,0,1,0,0,0,0,0,1,0,0,3,0,0,1,0,1,0,4,0,1,0,2,2,0,1,1,2,0,0,2,0,0,0,0,0,0,3,0,0,0,1,4,0,3,2,0,0,6,1,1,2,1,1,5,4,4,0,0,1,0,0,0,2,0,0,0,0,0,0,0,0,2,0,1,1,0,0,0,0,0,0,0,0,2,1,0,0,0,0,0,0,0,1,0,17,1,0,3,0,0,0,0,0,5,0,0,0,0,0,0,0,3,0,0,0,0,0,0,0,0,2,3,0,0,3,0,2,0,13,0,0,0,1,0,2,3,2,2,1,0,1,0,0,1,1,0,1,0,0,0,0,3,0,2,1,0,0,0,0,0,0,1,0,1,1,0,1,0,0,0,0,1,0,0,0,0,0,3,1,0,0,0,2,1,0,0,0,0,0,2,0,1,0,0,0,0,0,1,0,2,0,0,0,0,0,0,0,0,2,1,0,0,8,0,1,1,1,2,1,2,0,0,0,2,0,1,0,1,5,0,3,0,1,0,0,0,0,1,0,2,0,0,0,0,0,0,0,3,0,0,1,0,12,1,2,0,0,0,0,0,0,0,1,0,2,0,0,1,0,6,0,0,0,1,0,0,0,0,0,3,0,1,0,0,0,3,0,0,0,0,1,0,2,0,0,0,0,0,0,1,4,0,1,0,0,0,0,0,2,0,0,0,0,0,0,3,1,0,0,0,0,0,0,0,0,0,1,8,0,0,4,1,1,0,3,0,0,4,0,0,0,1,0,0,0,1,0,1,0,0,2,2,3,1,0,0,0,2,0,0,0,3,0,0,0,2,2,1,0,0,0,1,2,1,2,1,2,0,1,0,0,0,0,2,6,0,0,1,0,0,0,0,2,0,0,1,1,1,0,0,0,0,0,0,0,0,0,2,0,0,0,1,1,0,0,0,1,0,1,0,1,0,1,1,0,2,0,0,0,3,0,1,0,0,0,0,2,0,0,0,2,0,0,0,3,0,0,0,0,1,0,0,0,3,0,2,0,0,2,1,0,0,0,0,0,1,1,1,0,0,0,1,0,1,0,1,0,0,0,0,0,0,1,1,4,1,2,0,2,0,1,0,0,3,8,1,2,0,0,0,1,0,6,0,1,1,0,0,0,1,0,0,0,0,0,0,0,1,0,0,0,0,4,1,0,0,0,0,1,2,0,1,0,0,0,2,1,0,1,0,0,0,3,0,0,1,0,0,0,0,2,0,0,0,4,2,6,1,0,0,14,2,0,0,1,0,0,0,4,0,0,0,2,2,0,1,0,0,1,1,1,1,0,2,0,0,1,0,0,0,0,0,0,2,4,0,1,0,1,0,0,0,1,4,0,5,3,1,0,0
PoliticalHumor,0,0,0,0,0,0,0,0,0,0,0,0,0,0,0,0,0,0,0,0,0,0,0,0,0,0,0,4,0,0,0,0,0,0,1,0,37,0,0,0,1,0,0,0,0,0,0,0,0,0,0,1,0,0,0,0,0,0,0,0,2,0,0,0,0,0,0,0,1,0,0,0,0,1,0,1,0,1,0,1,0,0,0,0,0,1,10,0,0,0,0,0,0,0,0,0,0,0,0,0,0,0,0,1,0,0,0,0,1,0,0,0,0,0,0,0,0,0,0,0,0,0,1,0,0,0,0,2,1,0,0,0,0,0,0,1,0,0,0,0,0,0,2,0,0,0,0,0,0,0,0,0,0,0,0,0,0,1,0,1,0,0,0,0,0,0,1,1,0,0,0,0,2,0,0,1,0,0,0,0,0,0,0,0,0,0,0,0,0,0,0,0,0,0,0,0,0,0,0,0,0,0,0,0,1,2,0,1,0,0,0,0,0,1,0,1,0,0,2,0,1,0,1,0,0,0,0,1,0,0,0,0,0,0,0,0,0,0,0,0,0,0,0,0,3,3,0,0,0,1,0,0,0,0,0,2,6,1,0,2,0,0,0,0,0,0,2,1,0,0,0,1,0,1,0,0,0,0,0,0,0,0,0,0,0,0,0,0,0,0,0,0,0,0,0,0,0,0,0,0,0,0,0,0,0,0,0,0,0,0,2,1,0,4,0,0,1,0,0,0,0,1,0,1,0,0,0,0,0,0,0,0,0,0,0,0,2,0,1,1,0,1,0,2,0,0,0,0,1,0,4,0,3,0,0,0,1,0,0,0,0,0,1,0,0,0,0,0,0,0,0,0,0,0,0,0,0,0,3,0,0,6,0,2,0,0,0,0,0,1,0,0,0,0,0,0,1,0,1,10,2,0,0,8,10,1,2,0,0,0,0,0,1,1,0,0,0,0,0,0,0,0,0,0,0,0,0,0,0,0,0,0,0,0,0,0,0,3,0,1,0,0,0,0,0,0,0,0,0,0,0,0,1,0,0,0,0,0,0,0,1,0,0,0,0,0,1,0,1,0,0,0,0,4,0,0,0,0,0,0,1,0,0,0,2,0,0,0,0,0,0,1,0,7,0,0,2,1,0,0,0,0,0,3,0,1,0,0,0,0,1,3,0,0,0,0,1,2,11,0,0,0,0,1,0,0,0,0,0,0,2,0,2,0,0,7,1,6,0,0,0,0,0,3,0,1,0,2,1,1,0,0,1,4,1,0,3,0,0,0,0,0,0,1,0,0,2,1,0,2,0,1,0,0,0,0,0,0,0,0,0,1,0,0,1,0,0,1,0,0,0,0,1,0,0,0,0,0,0,0,0,0,0,0,1,4,2,1,0,1,1,0,0,0,0,0,2,0,0,0,1,0,2,0,1,0,0,0,0,0,0,0,0,0,0,0,2,0,0,0,0,0,12,0,1,0,0,0,5,0,0,0,0,0,0,0,0,1,4,0,1,0,0,0,0,0,0,0,0,0,0,0,0,0,0,0,0,0,0,0,0,0,3,0,2,0,0,0,0,2,0,0,0,0,0,0,0,0,0,6,0,0,0,0,0,1,0,0,1,0,0,0,0,0,0,0,0,5,0,0,3,0,0,0,0,5,2,0,0,0,0,2,0,0,0,1,0,1,0,0,6,0,1,0,0,0,0,0,0,0,0,7,0,0,0,0,0,0,0,0,0,1,0,0,0,1,0,0,2,0,0,0,0,0,0,0,0,1,0,0,0,0,0,0,0,0,3,1,0,0,1,1,0,0,0,1,0,1,0,1,0,0,0,0,0,0,0,0,0,0,0,0,0,0,0,0,0,1,0,1,0,0,0,0,0,0,0,0,0,0,0,0,0,0,0,0,0,0,0,1,0,0,0,3,0,0,0,0,0,0,0,0,0,1,0,2,0,1,0,0,0,0,0,0,0,1,0,0,0,1,0,0,2,0,0,0,0,0,0,0,0,0,1,2,4,1,0,0,0,0,0,0,5,0,0,0,0,0,0,0,1,0,0,0,1,0,1,0,22,0,1,1,0,0,0,0,0,0,0,0,0,0,0,0,0,0,2,0,2,0,0,0,0,0,0,0,0,0,1,0,0,0,0,0,0,0,0,0,0,0,0,0,0,0,0,2,0,1,0,0,2,0,0,0,0,0,0,0,0,0,0,0,0,0,0,1,2,0,0,0,0,0,0,0,1,0,0,0,0,0,1,0,1,0,1,0,1,0,0,0
technology,0,3,5,0,0,1,2,0,0,0,0,1,1,2,1,0,1,0,0,0,2,1,1,0,0,0,0,5,0,0,0,0,0,1,1,0,0,0,0,0,0,2,1,3,4,3,0,0,0,1,2,1,0,0,0,0,0,0,0,0,2,1,0,2,0,2,0,0,0,0,0,0,0,3,0,0,3,5,0,1,1,1,1,1,0,1,0,0,0,0,0,0,0,0,0,1,1,0,0,0,4,3,2,1,0,0,0,0,0,0,0,0,3,1,0,0,1,1,0,0,5,1,0,1,1,0,0,0,0,0,0,0,0,0,0,14,0,0,0,0,0,0,0,0,0,2,0,0,8,2,0,0,1,0,1,0,0,0,14,1,0,0,1,0,0,0,0,0,2,0,0,0,0,2,0,0,0,0,0,0,0,0,0,1,0,0,0,0,1,0,0,0,0,5,3,0,1,9,1,0,0,0,0,0,1,2,0,2,0,0,0,0,0,0,0,1,0,0,3,0,0,0,0,0,3,2,0,0,0,0,1,3,0,0,0,0,0,0,0,0,0,1,0,0,0,0,1,0,0,1,0,0,0,0,0,1,1,4,1,8,0,0,7,0,0,0,0,0,1,0,0,1,1,1,0,1,0,0,0,0,2,0,0,0,1,0,1,0,0,0,0,0,1,1,0,0,0,0,0,0,0,0,0,4,0,0,0,0,0,0,0,1,0,0,0,0,4,0,2,0,0,1,9,1,0,2,1,0,0,0,0,0,1,0,4,0,0,1,0,2,0,0,0,0,1,1,0,0,0,1,1,0,3,1,0,3,0,2,0,0,0,0,1,0,0,0,1,0,0,5,1,0,1,1,3,0,1,2,11,0,0,2,1,0,0,0,6,0,0,5,0,0,0,0,0,0,0,0,0,0,0,0,2,0,0,1,0,1,0,0,1,0,2,0,0,0,0,0,2,2,0,0,30,0,2,0,0,0,0,0,0,5,1,0,0,8,0,0,3,0,0,0,2,0,0,0,4,0,1,0,0,0,0,0,1,0,0,0,0,0,1,2,0,1,0,2,1,0,2,0,0,0,0,2,0,0,0,0,0,0,0,3,0,0,17,0,1,2,0,0,1,0,0,1,0,0,2,8,0,3,0,4,0,0,0,0,0,0,0,0,2,4,0,1,0,0,0,1,17,2,5,8,0,1,1,2,2,0,0,2,9,0,2,3,0,4,1,0,1,0,0,5,0,6,2,0,0,0,0,0,0,2,0,7,3,3,1,0,0,0,0,0,0,0,0,0,5,0,2,0,0,0,0,0,0,0,0,0,1,5,0,2,0,1,8,0,0,0,0,0,0,0,0,2,1,0,3,1,0,0,0,0,9,0,5,6,1,3,1,0,0,0,0,0,0,0,0,1,0,0,0,2,1,1,0,0,1,1,0,0,0,0,0,0,0,0,1,0,0,2,1,0,3,0,0,0,0,0,1,0,0,2,0,2,1,0,0,0,0,2,0,0,0,2,0,0,0,1,0,0,1,2,1,1,0,1,0,0,0,0,0,2,0,1,0,3,0,1,0,1,3,2,0,0,0,0,1,2,1,0,0,0,3,0,0,0,0,0,2,1,26,0,0,0,0,1,0,0,0,0,3,2,2,0,0,1,0,0,1,2,0,0,0,0,0,0,0,0,0,0,0,3,3,1,0,0,0,4,0,1,0,4,0,0,0,0,0,0,0,1,0,0,0,0,1,0,0,0,0,0,1,0,1,0,0,0,0,0,0,0,0,1,0,0,0,0,3,2,0,0,0,0,3,0,0,0,0,2,0,1,0,0,1,0,0,0,0,1,0,0,0,0,0,2,0,0,0,0,0,0,0,0,29,3,0,0,2,1,0,0,2,0,2,0,2,0,0,0,0,0,0,0,0,2,0,0,0,0,0,0,1,1,0,0,0,4,0,1,0,0,0,0,0,2,2,1,1,1,0,0,0,1,1,0,0,0,0,0,0,0,1,0,0,1,8,2,0,0,0,0,1,0,9,0,1,1,0,0,1,0,0,2,20,11,0,0,0,0,1,0,0,0,0,0,0,0,0,0,0,0,0,0,0,1,0,3,5,1,1,0,1,0,3,0,0,0,1,1,3,0,4,0,0,1,0,0,0,0,3,0,0,7,0,1,0,0,1,0,0,0,0,0,0,0,0,0,0,0,1,0,0,0,3,0,0,5,0,0,1,0,4,0,2,2,4,0,0,0,0,0,0,0,0,0,0,3,7,0,0,0
therewasanattempt,0,0,0,0,0,0,0,0,0,0,0,0,0,0,0,0,0,0,0,1,0,0,0,1,0,0,0,1,1,0,0,1,0,0,1,0,0,0,0,0,0,0,0,1,0,0,0,0,1,0,0,1,0,0,0,0,0,0,0,2,0,0,0,0,0,0,1,0,7,0,0,0,0,1,0,0,0,2,0,0,0,0,0,0,0,2,0,1,2,0,0,0,0,0,1,0,0,0,0,0,0,0,0,0,0,4,8,0,0,0,0,0,0,0,0,0,0,0,0,0,0,0,1,0,0,0,0,0,0,0,1,0,0,0,0,1,0,0,1,0,0,0,1,1,0,0,0,0,0,0,0,0,1,0,0,0,0,0,2,0,0,0,0,0,0,0,0,2,1,0,0,0,0,0,0,0,0,0,0,0,0,0,0,0,0,0,0,0,0,0,0,0,1,0,0,1,0,0,0,3,0,0,0,0,1,0,0,0,0,0,0,0,0,0,0,0,0,0,1,1,0,0,0,0,0,0,0,0,0,0,0,0,0,0,0,0,0,0,0,0,0,1,0,1,7,3,0,1,0,1,0,0,0,0,0,2,2,1,0,4,0,1,0,0,0,0,0,0,0,1,0,1,0,0,0,0,0,0,1,0,0,0,0,0,1,0,0,0,0,0,0,0,2,1,0,1,0,0,0,0,0,0,0,0,0,0,0,0,0,0,0,3,1,2,0,3,1,0,0,2,0,2,0,0,0,0,0,2,0,0,1,0,1,0,0,0,0,0,0,0,0,0,0,0,0,0,0,0,0,0,5,0,2,0,0,0,0,0,0,3,1,0,1,0,0,0,1,0,0,0,1,4,0,0,0,0,3,0,0,0,3,2,0,3,0,0,0,0,0,3,0,0,0,0,0,0,0,0,0,14,2,0,0,0,0,0,1,0,0,0,1,0,0,0,0,1,0,0,0,2,0,0,2,0,1,1,0,0,2,1,0,0,0,0,0,0,16,1,0,0,0,0,0,0,0,0,0,1,1,0,0,0,0,0,0,0,1,0,0,0,0,0,0,0,1,0,2,0,0,1,0,0,0,0,0,1,16,0,0,0,0,0,1,0,13,0,0,1,0,0,1,2,0,7,0,1,0,0,0,0,0,0,2,0,0,0,0,0,0,0,1,2,0,0,0,3,3,0,8,0,2,0,0,0,2,2,0,0,0,0,1,0,0,1,0,1,0,0,2,0,0,3,0,1,0,0,0,3,0,8,0,0,0,3,2,0,1,0,0,0,0,0,0,0,0,0,4,3,0,0,0,0,0,0,1,0,0,0,0,0,0,0,0,0,0,0,0,0,0,0,0,0,1,0,0,0,0,0,0,0,0,0,1,0,0,0,4,0,0,0,0,0,1,0,0,0,1,0,0,0,0,0,2,0,0,0,0,0,0,0,0,0,0,0,0,0,0,0,0,0,0,0,12,0,2,0,0,0,0,9,0,0,0,0,0,0,0,0,0,0,0,0,0,0,0,0,0,0,1,0,0,0,0,1,1,0,0,0,0,0,0,0,1,0,0,0,0,0,0,1,0,0,0,0,0,0,0,0,0,0,2,0,1,1,1,0,0,0,0,0,0,0,0,0,0,0,0,3,1,0,3,0,0,0,1,0,1,1,0,0,0,0,0,0,0,1,0,0,0,0,0,0,0,0,0,1,0,0,0,0,2,4,0,0,0,0,0,0,0,1,0,0,0,1,0,1,1,0,0,0,0,0,0,0,0,0,0,1,0,0,0,1,0,0,0,0,6,0,0,0,0,0,0,0,1,0,0,0,0,0,0,0,0,0,0,0,0,0,0,0,0,0,0,0,0,0,0,0,0,0,0,0,0,0,0,0,2,0,0,0,0,0,0,0,0,0,0,3,1,0,0,0,0,0,0,0,0,0,0,0,0,0,0,0,0,3,0,1,0,0,0,0,1,0,0,0,0,0,0,0,0,0,0,0,0,0,0,1,2,0,1,0,2,3,3,2,0,2,0,0,0,0,2,0,0,0,1,0,0,1,0,0,0,0,0,0,2,1,1,0,0,0,0,0,0,1,1,0,0,0,0,0,0,0,0,0,0,0,0,1,0,0,0,0,0,0,0,0,0,0,0,0,0,0,0,0,0,0,0,0,0,2,0,0,0,0,0,0,4,0,0,0,0,0,0,0,0,0,0,0,0,0,2,0,0,1,0,14,0,1,1,0,0,0,0,0,0,1,1,0,2,1,0,0,0,1,0,0,0,0
WitchesVsPatriarchy,0,0,0,0,0,0,1,2,0,0,0,1,1,1,0,1,0,1,1,0,0,0,0,3,5,1,3,8,0,0,0,0,0,1,1,3,1,0,0,0,0,0,0,0,0,0,1,3,1,0,1,2,0,18,0,0,0,0,0,7,3,0,2,0,3,2,0,0,5,0,0,0,1,2,0,0,0,0,0,0,0,0,2,0,0,1,0,0,0,0,0,7,3,0,0,0,3,0,0,0,0,1,0,0,0,0,0,1,0,0,1,0,0,1,0,1,0,0,0,2,1,0,5,0,0,2,0,3,0,0,0,1,0,2,0,12,0,2,0,0,0,0,0,1,0,0,1,0,0,1,1,0,0,0,1,3,1,0,13,0,0,1,0,0,0,0,8,1,2,2,1,1,1,2,0,3,0,0,0,0,1,0,0,0,0,3,1,0,0,0,0,0,0,0,0,0,0,2,1,1,3,1,0,0,0,1,0,0,1,0,0,2,0,0,0,0,1,0,1,0,0,0,0,0,0,0,0,1,0,0,0,0,0,0,0,0,0,0,0,0,1,4,3,1,3,1,1,0,0,1,1,1,0,1,0,1,2,2,0,13,0,1,0,0,0,0,0,0,0,3,1,0,1,0,1,1,0,1,0,0,0,0,0,0,3,1,1,1,0,4,0,0,1,0,0,0,0,2,0,0,2,0,0,0,0,1,0,0,2,0,0,0,2,0,0,1,2,0,0,0,0,1,2,2,1,1,1,0,2,0,0,0,0,0,0,1,2,0,3,1,0,0,1,3,0,1,1,0,0,0,2,2,1,1,0,0,2,4,0,0,0,0,0,0,0,0,2,0,0,4,3,0,0,0,0,3,1,0,5,0,3,7,0,3,0,0,1,0,0,4,0,0,0,0,2,2,1,0,1,1,0,0,0,1,1,1,1,2,0,2,0,1,1,1,0,1,0,0,1,1,1,0,0,0,7,0,0,0,1,0,0,2,1,0,0,0,0,15,1,3,1,4,1,0,0,0,0,0,0,0,1,0,0,0,0,0,0,1,0,0,0,0,0,0,0,0,4,0,0,0,0,0,0,3,1,0,0,0,0,0,0,0,0,3,17,0,0,1,0,0,2,0,1,9,0,3,0,0,0,0,0,0,3,0,0,0,0,0,0,1,3,1,3,1,0,0,6,0,13,2,1,1,2,0,2,3,1,0,1,0,4,0,0,3,0,5,2,1,0,0,3,7,0,2,0,0,0,0,0,0,0,2,1,9,1,3,1,0,2,1,0,2,2,1,0,3,2,0,2,5,0,1,1,0,0,0,0,0,0,1,1,3,0,0,5,0,0,1,0,0,0,0,0,0,0,0,0,0,1,2,2,0,7,0,0,4,3,1,1,2,0,0,0,1,0,2,0,0,0,0,0,3,0,1,1,0,0,0,2,0,0,0,10,13,0,1,1,2,0,2,0,0,39,2,0,0,0,0,0,1,2,1,1,0,9,0,0,0,2,8,2,0,0,0,0,0,0,0,1,0,0,1,0,1,0,6,0,1,0,0,0,0,2,0,3,0,0,0,1,0,2,1,0,0,0,0,0,0,0,2,1,17,5,0,0,0,0,0,0,2,0,0,1,0,0,5,2,3,1,1,7,3,0,0,0,0,3,0,0,0,0,0,0,0,0,1,1,13,0,0,0,0,0,0,0,1,0,0,0,0,1,7,1,0,0,0,0,0,0,0,0,2,1,1,9,2,1,0,1,3,0,0,4,1,0,0,1,1,2,0,0,0,0,0,1,0,1,1,1,0,0,1,1,0,0,0,0,0,1,1,0,0,0,2,1,1,1,2,0,0,0,0,1,0,0,0,24,0,0,0,0,1,1,0,0,0,1,3,1,1,1,1,0,0,6,0,1,2,1,1,0,0,4,1,0,0,0,0,0,0,1,1,0,0,2,2,1,0,0,0,0,0,3,0,2,3,0,0,1,0,1,0,0,0,0,0,0,0,1,1,0,0,4,6,11,1,0,2,0,1,0,0,11,0,1,0,0,0,0,0,0,1,0,0,0,1,0,1,0,0,0,1,3,0,0,0,1,1,2,2,1,0,0,1,0,0,3,4,0,0,2,0,4,1,1,0,0,0,0,0,4,1,0,0,0,0,2,3,2,5,0,4,3,0,0,3,1,0,0,2,3,0,0,0,1,0,0,0,0,0,0,0,2,0,1,2,1,0,0,0,3,0,0,6,7,0,0,2,0,0,0,1,0,8,1,0,4,2,0,0
WhitePeopleTwitter,0,0,0,0,0,0,0,2,0,0,0,0,0,0,0,0,0,0,0,0,0,0,0,1,1,2,1,2,0,0,0,0,0,0,1,2,0,1,0,0,0,0,0,1,1,0,0,0,1,0,0,0,4,0,0,1,1,2,1,0,0,0,0,1,0,2,0,13,3,0,2,0,0,6,6,0,1,1,1,0,1,1,2,0,0,1,0,9,4,0,0,1,2,0,0,1,1,0,0,0,0,1,2,2,0,3,1,3,1,0,0,0,0,1,0,0,2,0,0,0,0,3,1,0,0,0,0,2,0,1,0,1,0,1,0,16,1,1,0,0,0,1,0,1,2,0,1,0,0,1,3,0,1,0,0,0,0,1,24,0,0,1,0,0,0,0,2,0,1,8,0,1,0,3,0,1,0,0,0,1,1,5,0,1,0,1,2,1,0,0,3,0,1,0,0,2,1,0,1,1,0,2,2,0,0,0,1,0,0,0,1,0,0,0,0,0,0,1,4,4,1,0,1,0,0,4,1,1,0,0,1,0,0,8,0,1,2,1,0,0,1,0,0,2,0,3,0,1,0,0,0,3,0,0,0,0,3,1,0,7,0,0,0,0,0,0,1,2,0,1,0,0,0,2,0,0,1,1,1,0,0,0,3,7,0,2,0,0,1,1,3,0,1,0,0,0,0,3,3,0,3,1,2,1,0,0,3,0,0,0,0,0,1,0,1,0,0,0,1,2,0,1,0,1,0,0,0,1,0,0,0,0,0,0,0,0,0,0,0,0,1,0,0,0,0,1,0,0,0,0,1,0,5,0,1,1,4,0,0,1,4,0,0,0,0,0,0,0,0,0,1,1,1,0,0,2,3,0,2,0,0,1,5,3,0,0,1,0,0,0,0,4,0,0,1,0,2,0,1,4,3,0,0,1,1,0,1,1,1,1,2,1,1,0,1,2,1,0,0,0,1,1,1,0,1,0,1,0,0,0,0,0,0,2,1,0,2,9,0,2,1,1,0,0,1,0,0,0,1,1,3,0,0,0,0,0,0,1,0,0,0,0,0,2,0,0,0,0,1,4,0,0,0,2,4,1,1,0,3,0,0,0,0,0,12,0,1,0,1,0,0,1,0,5,0,2,0,0,0,0,2,0,1,0,0,2,0,0,0,0,2,3,0,0,2,1,2,0,17,0,0,0,1,1,2,0,0,0,2,1,3,0,3,1,1,0,0,0,0,0,0,3,0,3,0,0,0,2,1,7,1,1,0,5,1,3,2,0,0,0,0,0,0,0,23,0,3,1,1,1,0,0,0,0,0,0,0,0,1,0,2,2,1,1,1,0,0,1,0,0,2,0,4,0,1,0,0,0,0,0,1,0,3,0,0,0,1,0,1,0,0,0,0,0,1,0,0,2,0,0,1,7,0,2,1,0,0,0,0,7,0,0,0,0,0,0,11,0,0,1,0,0,17,1,1,0,0,0,0,0,0,0,0,0,1,0,0,0,0,4,0,2,3,1,1,0,0,0,2,0,0,0,1,2,0,0,0,0,0,0,0,2,1,1,0,0,15,0,1,1,2,0,0,1,0,0,0,0,1,5,3,0,1,0,0,0,1,1,0,0,0,3,1,0,0,0,3,5,2,0,5,1,0,1,0,0,0,0,0,0,1,0,0,2,0,2,0,0,1,0,0,4,18,0,1,0,4,2,0,0,3,3,0,0,0,0,0,0,1,3,0,3,0,1,2,3,2,0,0,7,6,0,2,1,0,0,0,0,0,0,0,0,0,0,0,0,1,0,0,0,0,0,0,0,0,0,0,2,0,0,0,1,1,1,1,0,1,0,0,0,0,0,0,0,2,1,0,0,1,0,0,0,0,0,1,0,0,0,0,1,3,0,1,2,3,0,0,0,0,1,1,0,0,2,0,0,0,0,0,0,3,1,18,0,0,2,0,1,0,0,0,2,0,0,2,1,0,0,0,0,0,0,3,0,3,0,0,0,0,0,2,0,4,0,7,0,2,0,0,0,0,1,6,0,1,0,1,0,1,0,1,0,0,0,0,0,1,0,8,2,2,1,0,1,0,1,2,1,0,0,0,0,0,2,0,0,1,1,1,0,4,0,1,2,1,2,0,1,0,19,0,0,2,1,0,0,2,4,1,0,1,2,0,1,3,0,0,1,0,0,0,0,7,7,1,0,0,2,0,1,1,0,0,0,0,0,0,0,0,1,4,1,0,1,3,0,0,2,1,1,0,0,1,1,3,4,5,7,2,0
pics,0,1,0,1,0,0,1,0,0,3,0,1,1,0,0,0,1,0,0,0,0,1,1,0,1,0,1,2,0,1,0,0,0,0,1,0,0,2,0,0,0,0,0,0,0,0,0,0,1,0,0,1,0,0,0,0,0,0,0,0,0,0,1,2,2,2,0,0,2,0,0,0,0,3,1,0,0,1,0,5,0,1,0,0,0,0,2,1,0,0,0,0,0,1,0,0,0,0,0,0,0,0,0,0,0,1,0,1,3,0,2,0,0,0,0,0,0,0,0,0,0,1,0,0,0,0,4,1,3,0,0,0,1,0,3,18,0,1,0,0,0,0,1,0,0,0,1,1,0,0,2,0,0,0,1,0,1,0,27,1,8,1,0,0,0,1,6,2,0,0,1,0,0,11,5,1,0,0,0,1,0,0,0,1,1,1,1,0,0,1,3,0,0,1,1,0,0,0,0,2,1,1,0,0,0,0,1,0,3,0,1,1,0,0,0,0,1,0,0,1,6,3,3,1,0,3,0,0,4,2,0,2,1,0,3,0,1,0,0,0,1,0,0,0,3,1,0,0,0,0,0,0,1,0,0,1,2,3,0,7,0,1,0,0,0,0,0,0,3,4,0,0,0,0,5,0,1,3,0,1,0,1,2,0,0,5,2,2,0,1,0,0,1,0,0,0,0,1,4,2,0,1,1,1,0,0,0,0,1,18,1,0,1,1,0,0,2,0,0,0,0,1,3,0,1,0,1,0,1,0,0,0,0,0,0,0,0,1,0,4,0,1,0,0,0,3,0,0,0,0,1,2,0,2,2,0,1,3,0,0,3,0,0,0,0,3,0,0,0,0,2,0,0,0,0,8,1,1,2,2,4,6,0,0,0,0,3,0,0,5,3,2,0,0,0,0,0,2,1,6,1,0,0,0,0,1,0,0,0,4,1,0,0,1,0,0,0,0,0,2,0,1,1,2,2,1,0,0,0,1,1,1,0,0,0,2,0,11,0,3,2,2,0,0,1,0,0,0,0,0,0,1,1,0,4,5,1,1,0,0,0,0,1,2,0,1,2,0,0,0,1,0,0,4,0,2,0,0,0,0,1,0,0,0,6,1,1,1,0,0,0,2,3,5,2,2,0,0,1,0,0,1,1,0,1,0,0,2,0,3,1,7,2,1,0,1,2,0,14,0,2,0,0,0,2,1,2,0,1,1,6,0,0,4,2,1,1,0,0,0,2,1,0,0,1,0,0,0,0,0,0,1,0,3,0,0,0,0,0,2,0,0,0,0,0,0,1,0,0,0,0,0,1,0,0,0,0,0,0,0,2,0,0,0,5,0,0,0,0,0,0,0,0,0,0,4,0,1,2,2,0,1,3,0,0,3,4,1,1,0,0,0,0,1,0,0,0,1,0,1,3,12,0,1,0,2,2,0,0,0,0,0,0,0,0,0,0,0,0,1,2,0,15,0,2,0,0,0,1,0,0,1,0,0,3,0,1,1,0,4,0,0,0,2,1,0,0,0,0,0,0,1,0,1,0,0,0,0,5,1,0,0,1,0,0,1,0,0,0,2,15,0,0,0,1,0,0,0,1,1,0,0,0,0,1,1,0,0,0,0,0,1,1,0,0,0,0,5,1,0,3,2,0,3,0,0,0,1,0,0,0,0,0,0,0,1,1,0,0,0,5,0,2,5,0,0,2,1,0,2,0,8,4,1,2,0,0,2,0,0,0,6,1,1,2,1,0,0,0,1,0,0,1,1,0,0,1,0,1,1,1,0,0,0,2,0,0,0,0,0,0,1,2,0,2,0,0,1,0,2,0,0,0,0,0,0,0,1,1,1,1,0,0,0,0,0,0,4,0,0,0,2,0,0,0,0,0,0,2,0,0,0,0,0,4,0,2,4,0,1,2,6,3,0,0,0,0,1,0,0,2,0,0,0,0,3,0,1,0,0,1,1,0,1,0,0,0,0,0,0,0,0,1,0,1,3,1,0,0,0,0,0,5,1,4,2,0,1,0,0,1,0,6,2,0,4,1,0,0,0,1,3,0,0,0,3,1,0,0,1,1,1,1,1,0,0,1,0,0,0,0,0,1,0,0,0,1,2,0,0,0,0,2,0,2,0,0,0,0,0,3,1,0,0,0,0,4,0,0,0,0,7,0,0,0,0,0,0,1,0,0,0,0,0,0,0,0,0,1,0,0,0,1,0,0,1,0,0,0,0,2,0,4,1,8,0,1,1,1,4,0,0,1,4,3,1,6,1,0,0
WatchPeopleDieInside,0,0,0,0,0,0,0,0,1,0,0,0,0,0,0,0,0,0,0,3,1,0,0,0,0,0,0,0,0,0,0,0,0,0,0,1,0,0,0,0,0,0,3,0,0,1,0,0,0,0,0,0,1,0,0,2,0,3,0,0,0,0,0,0,0,0,0,0,1,0,0,0,1,0,0,1,0,0,0,1,0,0,0,0,0,1,0,0,0,0,0,0,0,0,0,0,0,0,0,0,4,3,0,1,0,0,0,0,1,0,0,0,0,1,1,0,0,1,0,0,0,5,0,0,0,2,0,1,0,0,0,0,0,0,0,1,0,1,0,0,0,0,0,2,1,0,0,0,0,0,1,0,1,0,0,0,0,0,1,0,2,0,0,1,0,0,1,2,0,0,4,2,0,0,0,1,0,30,0,0,0,0,0,0,0,1,0,1,1,0,0,0,0,0,0,0,0,0,0,1,0,0,0,0,0,1,0,0,0,1,1,0,4,0,0,0,0,0,1,0,2,0,0,0,0,1,1,0,0,0,1,0,0,0,0,0,0,0,0,0,0,1,0,0,1,1,0,0,0,0,0,0,0,0,0,3,7,2,0,11,0,1,0,0,0,0,1,2,0,1,0,0,0,0,0,0,0,0,1,0,0,1,0,0,2,0,1,0,0,0,0,0,0,0,0,0,1,0,0,0,0,0,0,0,0,0,1,0,0,0,4,0,1,1,0,1,0,0,0,0,0,2,1,0,0,1,0,0,0,0,0,0,0,0,0,0,0,0,0,0,0,0,0,0,0,0,0,0,2,0,1,0,2,0,0,0,0,0,0,0,1,0,0,0,0,0,1,0,0,1,1,0,0,0,0,1,0,0,1,0,0,4,0,2,0,0,0,0,0,0,0,0,0,0,0,15,3,0,0,7,4,0,1,0,0,0,0,0,0,1,0,0,0,1,0,0,0,0,0,0,0,0,0,0,0,0,0,0,0,0,0,2,0,1,0,0,2,1,0,1,0,1,0,0,0,0,0,2,1,1,0,0,0,0,0,0,0,0,0,0,0,0,0,0,0,0,0,0,1,0,0,0,0,0,0,0,0,0,3,0,1,0,0,0,16,0,0,0,2,1,1,0,2,5,1,0,1,0,0,1,0,2,1,1,0,0,0,0,0,0,1,3,0,0,0,0,0,0,18,0,0,0,0,1,1,0,0,0,0,0,3,0,2,1,0,6,1,1,0,0,0,0,0,3,0,1,0,0,0,0,0,1,0,5,2,2,4,0,0,0,0,0,4,0,0,0,0,1,0,0,0,0,0,0,0,0,0,0,0,0,0,1,0,0,0,0,0,1,0,1,0,0,0,0,0,0,0,0,0,0,0,0,3,0,0,1,1,0,0,1,0,0,0,0,1,0,1,0,0,0,4,0,0,2,0,0,0,0,0,0,0,0,0,0,0,0,0,0,0,0,0,0,16,0,1,0,0,0,0,1,0,1,0,0,1,3,3,0,0,2,0,0,0,0,0,0,0,0,0,0,0,1,0,4,0,1,0,0,0,0,0,0,1,0,0,0,0,0,0,1,1,0,1,1,1,0,0,0,1,0,0,0,0,0,0,0,1,1,0,0,0,0,0,0,0,0,0,4,1,2,4,0,0,0,0,0,0,0,0,0,0,1,0,0,0,0,0,0,0,0,1,0,0,0,1,0,0,2,0,0,1,8,1,0,0,0,1,0,0,0,0,6,1,0,4,2,2,0,0,0,0,1,0,0,0,0,0,1,0,0,0,0,1,0,0,0,4,0,0,0,0,0,0,0,0,0,2,1,0,0,0,0,0,0,1,1,0,0,0,0,0,0,0,0,0,0,0,0,0,0,0,0,0,0,0,0,0,1,0,0,0,0,0,0,0,0,0,0,0,0,0,0,0,8,0,1,0,0,1,0,0,0,0,0,0,0,0,0,0,0,0,0,0,1,6,1,0,0,0,1,0,0,2,0,0,0,1,0,0,0,0,0,6,2,10,0,0,2,0,0,0,0,1,0,0,1,0,0,0,0,0,0,0,0,15,0,0,0,1,0,0,0,1,0,0,0,0,0,2,1,0,0,0,0,0,0,3,0,1,1,0,0,5,3,0,0,0,1,0,0,8,0,0,0,0,0,1,1,0,1,0,2,0,0,0,0,0,1,0,0,0,0,0,0,1,0,0,0,0,1,0,0,1,0,0,2,1,0,1,0,0,0,0,0,2,0,0,0,0,1,1,2,1,1,3,0,1,1,0,0
Conservative,0,2,1,1,4,2,2,2,1,0,0,1,0,1,3,0,2,1,2,0,1,0,1,0,0,0,2,5,1,0,0,0,4,1,4,6,0,3,0,0,0,0,0,1,1,1,2,1,1,1,2,1,3,0,1,0,0,0,1,1,0,0,1,0,0,0,0,0,2,2,2,0,5,7,1,1,1,5,0,3,2,0,0,3,0,0,0,0,0,2,0,0,0,0,1,2,2,0,0,1,1,0,0,4,0,0,0,0,0,0,0,0,0,3,1,0,0,0,2,2,1,7,3,0,1,0,3,3,2,0,1,1,3,0,0,29,0,3,4,0,0,1,2,1,0,5,0,0,0,0,0,1,1,0,0,3,2,0,47,0,4,3,0,0,2,0,3,2,1,1,0,0,0,2,0,2,0,0,0,0,1,2,3,0,1,3,0,0,0,2,1,0,0,0,2,0,1,0,0,0,0,0,0,0,1,3,1,0,0,3,2,0,0,3,1,0,1,2,0,0,1,4,1,0,1,3,0,1,0,1,3,0,1,0,0,0,0,0,0,0,1,0,0,1,0,1,0,0,2,3,2,1,0,1,0,1,5,1,1,20,0,0,1,0,1,0,0,0,2,15,1,0,0,1,1,0,0,0,0,0,3,0,2,0,6,7,0,5,0,13,6,0,1,2,1,1,0,0,3,3,4,2,1,1,1,0,0,0,0,0,0,1,1,1,0,0,1,0,0,0,4,2,0,1,0,0,0,0,0,1,0,0,0,0,0,1,0,1,1,1,0,2,0,0,1,3,0,0,1,0,0,0,0,3,1,0,1,2,0,1,2,0,1,3,0,1,0,0,0,6,1,0,1,2,0,14,3,0,6,0,1,2,0,3,1,0,7,0,4,2,6,1,0,1,0,2,0,0,1,2,1,0,1,0,0,5,5,1,0,0,2,0,0,0,0,1,4,0,0,1,0,0,1,0,2,0,0,6,0,0,0,0,1,0,0,0,0,3,1,2,4,6,1,0,1,3,1,0,0,0,1,0,0,0,3,0,1,0,0,0,1,2,0,0,0,0,1,0,1,0,0,2,0,1,4,2,0,0,0,0,0,0,0,0,13,1,0,0,0,0,1,1,0,5,0,0,0,0,1,1,1,4,1,0,1,1,5,0,1,0,2,5,0,0,0,1,3,1,14,0,1,0,0,0,0,2,2,0,0,1,5,0,0,2,2,3,1,0,0,1,0,2,1,1,0,0,0,0,0,0,0,0,1,8,2,2,4,0,0,2,1,6,0,1,0,1,1,2,1,0,0,1,0,0,0,0,0,0,0,2,2,1,0,1,7,2,2,0,0,0,0,0,0,0,0,0,0,1,7,3,0,0,8,0,1,10,0,1,0,0,1,0,0,3,1,3,2,0,2,0,1,5,0,3,0,0,1,1,2,0,0,3,1,0,2,0,1,3,0,2,1,2,12,1,1,0,1,0,0,0,0,0,0,0,6,0,2,1,0,3,0,1,2,2,5,0,0,4,2,2,2,1,0,1,0,9,0,0,0,4,0,0,2,0,0,0,0,0,0,3,4,1,1,0,1,0,0,1,0,1,0,0,0,1,1,1,0,0,0,2,0,0,0,0,1,0,1,11,0,0,1,1,0,1,0,0,0,0,4,1,0,0,1,1,0,8,1,3,0,0,0,0,0,2,1,0,1,0,0,3,1,1,1,0,0,0,0,2,0,0,0,4,3,2,3,1,2,0,1,4,4,2,11,0,0,0,1,2,0,1,0,0,0,0,0,0,2,0,0,3,0,0,0,0,0,0,3,1,0,0,0,0,0,1,1,1,4,0,0,0,1,0,0,1,1,1,0,0,1,1,0,2,0,0,0,0,1,2,1,0,0,0,1,0,2,0,0,1,0,0,1,0,2,0,0,0,0,0,0,0,2,1,0,1,2,1,0,0,0,1,0,3,1,0,2,0,6,1,2,0,0,1,3,0,2,0,0,0,0,5,0,4,5,10,12,0,1,2,0,1,0,1,10,0,3,2,1,0,0,0,0,0,0,0,3,0,3,1,0,0,0,0,1,0,0,0,0,0,0,2,1,1,0,0,0,0,3,3,3,0,0,0,8,0,0,0,0,0,1,0,7,1,1,1,0,1,12,0,1,0,7,4,2,1,1,0,0,1,1,0,0,0,0,0,0,0,3,0,1,0,1,1,0,0,0,1,0,0,1,0,3,1,0,1,13,0,0,2,1,0,2,0,3,0,3,2,19,5,1,2
interestingasfuck,0,0,0,0,1,0,3,0,3,0,0,1,0,0,3,0,1,0,4,0,1,0,0,0,1,0,0,0,0,0,1,0,0,0,1,0,0,0,0,0,0,0,1,0,0,0,1,2,0,1,1,2,0,0,0,0,0,0,1,0,4,1,1,1,0,1,0,0,5,0,0,0,0,0,0,3,0,3,0,1,0,0,0,1,0,0,0,0,0,0,0,0,0,0,1,0,0,0,1,0,6,4,0,1,1,1,0,0,2,0,0,1,0,0,0,0,3,0,7,0,0,6,1,0,0,0,0,0,1,1,1,1,1,0,0,7,0,0,0,2,1,1,1,0,0,4,0,0,0,0,0,0,0,0,0,4,2,0,10,0,13,3,0,0,0,0,4,2,2,1,0,0,0,1,1,2,1,0,1,0,0,1,1,0,1,1,2,1,0,3,0,0,1,0,2,0,12,2,1,0,0,0,0,0,1,0,1,1,0,1,0,3,2,0,1,1,0,2,1,0,1,0,1,0,0,2,1,2,0,0,1,2,0,0,0,0,0,0,0,0,0,2,0,0,3,3,0,0,1,1,1,0,3,2,0,3,3,1,0,9,0,0,0,1,0,0,0,0,0,0,0,0,0,0,5,0,0,0,0,0,0,6,12,0,3,36,0,1,2,0,1,0,0,0,3,0,0,0,0,0,1,1,0,8,2,0,0,0,0,0,0,4,0,0,0,0,2,0,0,1,3,0,3,1,0,0,0,0,0,0,0,0,0,0,0,0,0,0,0,1,1,1,1,4,0,6,17,0,1,0,0,0,2,6,5,1,0,0,1,0,2,0,1,12,0,1,0,2,8,1,0,0,3,1,0,1,0,0,0,0,0,2,0,2,0,0,0,0,4,4,4,0,2,2,0,1,0,6,1,0,0,0,0,0,0,0,0,0,0,0,0,0,1,0,0,0,0,1,0,0,0,0,1,3,0,0,0,0,0,0,0,0,1,1,0,0,0,13,3,0,0,1,0,0,0,0,0,0,1,0,1,0,1,0,1,0,0,0,1,0,0,2,0,4,0,2,1,0,2,0,0,0,0,2,0,0,0,0,0,0,1,0,1,3,13,0,0,0,1,0,0,0,0,2,2,0,1,0,0,3,1,0,0,1,0,0,0,0,0,0,3,4,1,2,1,2,0,0,9,0,0,2,1,0,1,2,0,0,0,0,0,1,1,0,1,4,0,1,0,0,0,3,0,1,2,2,0,0,0,0,0,0,0,5,2,1,0,1,1,1,1,1,0,1,0,0,3,1,3,0,0,0,1,0,0,0,0,0,0,0,0,0,1,1,3,0,0,0,0,0,0,0,0,0,1,0,1,0,2,0,0,0,1,1,1,4,2,0,0,0,0,0,0,57,0,1,0,1,1,0,1,2,0,0,1,0,0,0,0,3,3,0,0,0,6,1,0,1,0,0,0,0,11,0,0,0,0,0,0,1,3,2,2,0,1,1,8,0,3,2,0,1,0,3,1,0,1,0,0,0,0,0,0,1,0,20,0,0,0,0,0,0,2,0,4,2,0,1,0,1,8,0,0,1,4,0,1,0,1,0,2,0,1,0,0,0,1,1,0,1,0,0,0,0,6,0,0,1,0,0,5,2,0,0,0,0,4,3,1,2,0,0,0,0,0,0,0,0,0,10,0,0,0,0,0,0,0,0,0,0,0,0,0,0,0,0,2,0,0,0,2,1,0,0,5,2,0,1,2,0,0,0,0,0,0,1,1,2,0,0,1,1,1,3,0,0,4,1,1,0,0,3,0,1,1,1,0,2,1,0,0,0,0,0,0,0,10,3,2,0,1,0,0,0,0,1,0,1,0,0,0,0,0,0,0,0,0,0,0,0,2,1,0,1,2,1,0,1,0,1,0,0,0,4,1,3,0,1,0,1,2,0,0,1,0,3,0,0,0,6,0,0,0,2,0,0,2,1,0,0,1,3,1,0,0,0,0,0,0,1,0,0,1,1,4,0,0,2,0,2,0,0,2,0,1,1,0,0,0,1,0,0,0,0,1,0,0,0,0,0,0,1,0,0,1,0,0,1,1,0,0,0,0,1,8,0,1,3,2,0,0,0,1,0,0,0,0,1,1,0,6,0,0,0,0,0,0,0,7,1,3,7,0,0,0,4,0,1,0,0,4,0,1,0,0,0,1,0,3,1,0,0,0,0,0,0,0,0,0,0,2,0,1,1,3,0,0,1,0,0,0,1,3,4,4,3,8,1,0,3
MarkMyWords,0,0,1,0,2,0,0,0,0,0,1,0,1,0,1,0,1,0,0,1,1,0,0,0,1,0,1,1,1,0,2,2,0,0,3,0,0,0,0,0,0,0,0,1,2,1,1,0,0,1,0,1,0,0,0,0,0,2,1,0,0,0,1,1,0,2,0,0,3,0,0,0,0,1,0,1,0,5,0,3,2,0,2,0,0,1,0,4,2,0,1,0,0,1,0,0,0,1,0,0,1,3,0,3,1,4,1,2,1,0,0,0,11,1,1,0,1,0,0,2,0,1,0,0,0,0,0,3,3,0,0,1,0,0,1,60,1,1,0,0,1,0,0,0,0,0,0,0,1,1,0,0,0,0,0,1,3,0,46,1,0,0,1,0,0,1,0,0,0,0,0,0,0,3,0,1,0,0,0,2,2,0,0,1,0,1,2,0,0,0,0,0,0,0,0,0,1,2,1,4,0,1,1,0,0,0,1,0,1,0,0,0,6,0,2,1,0,1,3,2,0,1,2,0,1,2,0,0,1,0,0,1,0,2,1,1,0,0,0,0,2,0,0,0,1,2,1,0,0,1,0,0,0,1,6,1,4,5,0,10,2,1,0,2,1,2,0,1,1,1,1,0,0,0,0,0,0,0,0,0,1,0,0,0,1,0,0,2,2,1,0,0,1,0,0,3,2,0,3,0,5,0,2,0,0,0,0,0,0,0,1,2,0,1,0,0,3,0,0,1,2,3,2,1,0,1,0,26,0,0,0,2,1,0,0,1,2,1,0,1,4,1,0,0,1,2,0,0,0,0,1,1,1,2,2,0,3,0,1,1,2,0,0,0,0,1,0,0,0,1,3,0,0,0,0,1,3,2,5,0,0,7,1,1,1,0,4,2,0,0,0,0,2,0,0,0,0,0,0,1,1,0,1,0,0,6,0,2,1,2,1,0,1,0,0,0,2,0,1,0,0,0,2,3,1,0,0,0,2,2,0,0,0,1,0,0,1,0,1,1,0,3,1,4,1,0,2,0,0,0,1,0,0,0,1,0,0,1,0,0,0,0,0,0,0,0,0,0,3,3,4,0,0,6,3,0,1,0,0,0,0,0,0,0,16,0,0,0,0,1,2,0,2,9,1,0,0,3,0,1,0,4,1,0,0,2,0,0,0,0,1,1,2,0,1,0,1,1,11,0,0,0,1,0,3,1,2,0,0,0,3,2,0,5,0,1,2,0,0,0,1,3,0,0,2,0,0,1,1,1,1,1,0,4,0,2,4,6,1,0,1,1,0,0,0,2,5,1,0,2,0,0,0,0,0,1,0,0,0,6,4,0,0,0,10,0,0,2,0,1,0,0,0,0,1,0,1,0,4,2,0,2,8,0,2,2,0,0,0,2,0,0,0,0,0,0,0,1,0,0,1,3,0,0,1,0,0,0,2,0,0,0,0,0,0,1,1,2,0,2,0,0,30,0,2,1,0,0,1,1,0,0,1,0,0,0,1,0,0,6,0,0,1,0,0,0,2,0,0,1,0,1,0,0,0,1,0,0,0,0,0,1,0,1,0,1,0,0,0,1,4,0,1,0,0,1,2,0,3,0,0,0,1,2,0,0,0,1,0,0,0,1,0,0,0,0,0,3,1,1,4,6,0,1,3,0,0,1,0,0,2,0,2,0,1,0,0,0,0,0,0,0,2,1,0,1,0,0,1,0,1,7,0,0,1,0,0,1,0,0,1,2,0,1,2,2,1,0,0,0,0,0,1,1,0,1,0,1,1,0,0,0,0,1,0,0,5,1,0,0,1,0,0,1,0,0,0,4,0,0,0,0,0,0,1,0,0,0,1,2,0,0,1,0,0,1,0,0,0,1,0,0,0,3,0,0,5,2,0,1,5,0,0,2,2,0,1,0,1,0,0,0,1,2,0,0,0,0,0,1,1,0,0,0,0,1,1,2,1,0,0,0,0,1,2,0,0,2,0,0,0,0,1,1,1,0,0,1,0,1,1,1,6,3,8,0,0,1,0,1,0,0,10,1,1,1,2,0,0,0,0,0,0,0,0,0,1,1,4,0,0,2,2,0,0,0,0,1,0,1,1,0,0,1,0,1,1,1,0,0,0,0,7,0,0,3,0,1,1,0,4,0,1,0,0,0,1,4,0,0,6,9,1,1,2,0,1,0,1,3,0,0,0,0,0,4,0,0,2,3,0,1,0,1,1,7,0,1,0,1,1,0,0,0,4,1,1,3,0,0,2,0,2,0,1,6,7,0,0,3
PeterExplainsTheJoke,0,0,0,0,0,0,0,1,0,0,0,0,0,0,0,1,0,0,1,0,1,0,0,0,1,0,2,1,1,0,0,0,0,0,0,0,0,0,0,0,0,0,0,0,0,0,4,0,0,0,1,1,0,0,1,0,4,0,0,0,4,1,0,0,0,0,0,0,3,0,1,0,0,0,0,1,0,0,0,2,0,0,0,0,10,0,0,0,0,1,0,2,0,0,0,1,0,0,0,0,0,0,0,0,1,0,0,0,0,0,0,0,0,2,1,0,0,8,0,0,0,1,0,1,0,0,0,2,0,0,3,0,0,0,0,50,0,0,0,0,0,0,2,0,0,0,0,1,0,0,0,0,0,0,0,0,0,0,53,0,0,0,0,1,0,0,1,0,0,0,0,2,0,0,0,4,1,0,0,0,0,0,0,1,0,0,1,1,2,0,0,0,1,0,0,0,0,0,0,0,0,0,0,0,0,3,2,5,0,2,0,0,0,0,0,0,0,0,0,0,0,0,1,0,0,0,1,1,0,0,0,0,0,0,0,0,0,0,0,0,2,0,0,0,3,2,0,0,0,2,0,0,0,0,0,0,1,1,0,5,0,0,0,0,0,1,0,0,0,2,0,0,1,6,0,0,0,0,0,0,0,0,2,0,1,1,0,0,0,2,0,0,0,0,0,0,0,0,0,0,0,1,0,0,0,0,0,0,0,0,0,1,0,0,0,0,1,0,0,0,0,0,2,0,0,0,1,0,1,0,2,0,0,0,0,0,0,0,1,0,0,0,0,4,0,0,0,0,0,0,1,0,2,0,0,2,0,1,0,0,0,0,0,0,0,0,0,0,0,0,0,1,1,1,0,0,0,1,2,1,2,0,0,2,0,0,0,0,0,0,0,0,0,0,0,0,0,0,2,2,1,0,2,0,0,0,0,0,0,0,0,0,0,0,0,0,0,0,0,2,1,0,0,1,0,0,0,0,0,0,0,0,0,0,0,0,0,6,1,9,3,17,0,0,0,1,0,0,0,0,0,0,2,0,1,0,0,0,0,0,0,0,0,0,0,0,1,0,10,0,0,0,0,2,1,0,0,0,0,0,1,0,11,3,7,0,0,4,0,3,0,1,0,2,0,0,0,0,0,10,0,0,0,0,0,0,0,1,0,0,0,1,1,5,0,0,2,0,6,3,0,0,0,0,0,0,3,0,0,1,3,0,1,0,1,0,0,0,0,1,0,1,1,3,0,0,0,0,1,0,1,0,0,8,0,4,7,0,0,0,1,0,0,0,0,0,4,1,0,0,1,0,1,0,0,0,0,0,1,0,0,1,0,0,5,0,0,0,0,0,0,0,3,0,0,1,0,0,0,0,1,0,1,0,0,3,0,0,1,0,0,0,0,0,5,0,1,0,4,0,1,1,0,0,0,0,0,0,0,0,0,0,0,0,0,1,0,0,0,0,0,0,24,0,1,0,0,0,1,0,4,0,1,1,0,0,0,1,1,0,0,0,0,0,0,0,0,0,0,6,0,1,0,1,1,0,0,0,0,0,0,0,3,0,4,0,0,0,0,1,2,2,1,1,0,0,0,0,0,0,0,0,0,0,0,1,1,0,0,0,0,0,0,0,0,3,0,2,0,0,2,2,0,1,0,0,5,1,1,2,0,1,0,0,0,1,2,0,0,0,0,0,0,11,0,2,0,0,1,1,1,2,1,5,0,0,0,0,0,1,0,1,0,0,0,2,0,0,0,0,0,16,5,4,0,1,0,0,0,2,0,0,0,1,1,34,0,0,0,0,0,0,0,0,0,0,2,0,0,0,1,0,0,0,0,0,0,4,0,18,5,9,1,0,1,2,0,2,0,0,0,1,0,0,0,0,0,0,0,0,0,0,0,0,2,0,0,0,1,0,0,0,1,0,0,1,0,0,0,0,0,0,0,0,2,5,0,0,4,0,0,0,0,0,1,1,0,0,0,1,0,0,1,1,0,0,0,0,0,1,0,0,3,3,12,0,0,7,0,0,1,0,1,0,0,1,0,0,1,0,0,0,0,0,0,0,1,0,0,1,0,1,2,1,0,2,0,0,0,0,0,2,0,0,0,0,1,2,0,0,0,0,0,0,0,0,0,0,0,0,2,0,1,0,0,0,1,1,1,0,2,3,1,0,0,4,0,0,1,0,4,0,0,0,0,0,0,0,0,0,0,0,0,0,0,3,0,0,0,0,2,0,0,0,2,0,1,0,0,1,0,0,1,1,0,0,0,0,0,0
