Unnamed: 0,0,000,1,10,100,1000,12,15,2,20,2000,2022,2023,2024,25,3,30,4,40,5,50,60,70,90,a,abl,absolut,accept,accord,account,accur,across,act,action,activ,actual,adapt,admit,advanc,affect,afford,afraid,age,ago,agre,ai,air,alberta,alien,allow,almost,alon,along,alreadi,also,altern,alway,amaz,america,american,amount,and,anim,anoth,answer,anti,anymor,anyon,anyth,anyway,area,argu,argument,around,art,articl,as,ask,asshol,assum,assumpt,atmospher,attent,author,auto,avail,averag,avoid,awar,away,aztec,b,babi,back,bad,ban,base,basic,be,beach,becom,begin,behind,belief,believ,best,bet,better,beyond,bibl,big,bill,billion,billionair,bit,black,blame,block,blue,bodi,book,brain,break,bring,brought,bug,build,built,bullshit,bunch,burn,busi,butterfli,buy,c,ca,california,call,came,campaign,canada,cancer,capit,capita,caput,car,carbon,care,case,catastroph,caus,centuri,certain,chanc,chang,change,charg,chart,cheap,cheaper,check,chemic,child,china,choic,choos,christian,citi,civil,claim,clarkson,class,clean,clear,clearli,climat,climate,close,co2,coal,coast,coffe,cold,collaps,collect,com,come,comment,commit,commun,compani,compar,complet,concept,concern,concret,condit,connect,consequ,conserv,consid,consum,consumpt,continu,contribut,control,convinc,cool,corp,corpor,correct,correl,cost,could,countri,coupl,cours,cover,covid,crazi,creat,crime,crisi,critic,cultur,current,cut,cuz,cycl,d,damag,damn,danger,dark,data,day,dead,deal,death,decad,declin,deep,definit,degre,delet,demand,democraci,democrat,deni,denial,denier,depend,derang,desanti,deserv,destroy,destruct,develop,die,differ,direct,directli,disast,discuss,dollar,donat,done,dont,doom,doubt,drastic,dri,drive,drop,drought,dude,due,dumb,earli,earth,easi,east,eat,econom,economi,edit,educ,effect,effici,effort,either,elect,electr,elit,els,emiss,en,end,energi,enjoy,enough,entir,environ,environment,escap,especi,estim,etc,europ,european,even,event,eventu,ever,everi,everyon,everyth,everywher,evid,evil,exactli,exampl,except,exist,expect,expens,experi,experienc,expert,explain,extinct,extrem,exxon,face,fact,factor,fail,fake,fall,famili,far,farm,faster,fault,fear,feed,feel,field,fight,figur,final,find,fine,fire,first,fit,fix,fli,flight,flood,florida,floridian,focu,folk,follow,food,forc,forest,forget,form,format,forward,fossil,found,franc,frank,free,friend,fuck,fuel,full,fun,fund,funni,futur,ga,game,garbag,garden,gate,gave,gdp,gear,gener,genuin,german,germani,get,gif,give,given,global,go,god,gon,gone,good,googl,gop,got,gov,govern,governor,graph,great,green,greenhous,grid,ground,group,grow,growth,guess,gun,guy,habit,habitat,half,hand,happen,hard,harm,hate,head,hear,heard,heat,hell,help,high,higher,histori,hit,hold,hole,home,honestli,hope,hot,hotter,hour,hous,howev,http,huge,human,hundr,hurrican,hypocrit,i,ice,idea,idiot,ignor,im,imagin,immigr,impact,import,in,includ,increas,incred,india,industri,inform,infrastructur,insan,insect,instead,insur,intellig,interest,invest,island,issu,it,jame,jesu,jet,job,joke,keep,kid,kill,kind,kinda,knew,know,known,la,lack,lake,land,larg,last,late,later,laugh,law,layer,lead,leader,learn,least,leav,left,less,let,level,liber,lie,life,light,like,limit,line,link,list,listen,liter,littl,live,ll,local,lol,long,longer,look,lose,loss,lost,lot,love,low,lower,luntz,m,mad,made,maga,main,maintain,major,make,man,manag,mani,map,market,mass,massiv,materi,math,matt,matter,may,mayb,mean,meanwhil,measur,medium,meet,melt,men,mental,mention,messag,miami,middl,midwest,might,migrat,militari,million,mind,miss,model,modern,money,month,moron,mostli,mountain,move,movi,much,multipl,murder,must,n,na,name,nation,natur,near,need,never,new,news,next,nice,nobodi,non,normal,north,noth,notic,nuclear,number,obviou,obvious,occur,ocean,offic,oh,oil,ok,old,one,op,open,opinion,option,order,org,origin,other,otherwis,own,ozon,paint,panel,paper,part,parti,past,patagonia,pay,peak,peopl,per,perform,period,person,pesticid,pg,physic,pictur,piec,pjpg,place,plan,planet,plant,plastic,play,pleas,png,point,polici,polit,politic,politician,pollut,poor,popul,posit,possibl,post,power,practic,predict,prepar,present,preserv,presid,pretend,pretti,prevent,preview,price,primit,privat,pro,probabl,problem,process,produc,product,profit,program,progress,project,promis,proof,propaganda,properti,protect,protest,prove,provid,public,push,put,question,quickli,quit,r,radic,rail,rain,rais,rate,rather,re,reach,reactor,read,real,realiti,realiz,realli,reason,recent,record,recycl,red,redd,reddit,reduc,reduct,refus,region,regul,relat,releas,reli,religi,religion,rememb,remind,remov,renew,report,republican,requir,research,resourc,respect,respons,rest,result,return,rich,right,rise,risk,rule,run,russia,s,sad,safe,said,save,saw,say,scale,scare,scari,scenario,school,scienc,scientif,scientist,sea,season,second,see,seem,seen,self,sell,send,sens,seriou,serious,servic,set,sever,share,shark,shift,shit,short,show,shut,side,sign,similar,simpli,sinc,singl,sink,sit,small,smart,smoke,snow,social,societi,soil,solar,solut,solv,somehow,someon,someth,soon,sound,soup,sourc,south,space,speak,speci,specif,speed,spend,spring,stand,standard,starbuck,start,state,statement,stay,step,still,stop,stori,storm,straight,studi,stuff,stupid,sub,subreddit,suck,suffer,suggest,summer,sun,super,superstit,support,suppos,sure,surpris,surviv,sustain,switch,system,t,ta,take,taken,talk,tax,technic,technolog,tell,temperatur,ten,term,terrifi,texa,thank,that,theori,thing,think,though,thought,thousand,thread,threat,three,throw,thu,time,timelin,to,today,togeth,told,ton,took,top,topic,tornado,total,toward,track,train,transport,travel,tree,tri,true,truli,trump,trust,truth,turn,two,type,u,uk,understand,univers,unless,uranium,usa,use,usual,valu,vanc,ve,video,view,vote,wait,walsh,want,war,warm,warmer,warn,wast,watch,water,way,wealth,weather,webp,week,weird,well,went,western,whatev,whether,whole,wide,width,wiki,wikipedia,wild,wildfir,will,win,wind,wing,winter,wish,within,without,wo,woke,woman,wonder,wood,word,work,world,worri,wors,worst,worth,would,wow,wrong,ye,yeah,year,yet,zero,zone,cluster
nottheonion,0,1,0,0,2,0,0,0,0,0,0,0,0,0,0,0,0,0,0,0,1,0,0,0,0,1,2,1,0,0,0,0,1,0,1,6,0,0,2,0,0,0,0,1,0,0,0,0,1,1,0,0,1,2,2,0,0,0,1,0,0,0,0,2,0,0,1,1,2,1,0,0,0,0,0,4,0,0,1,0,0,0,1,0,0,0,0,0,0,0,0,0,0,1,0,0,0,0,0,0,1,0,1,1,2,3,0,2,0,0,1,0,0,0,1,0,0,0,0,2,1,0,0,0,2,0,2,0,0,0,0,5,0,0,0,0,0,0,1,1,0,0,3,0,0,0,3,3,0,1,1,0,1,1,23,0,4,0,0,0,0,0,1,0,1,3,0,1,0,0,0,0,3,0,0,19,0,1,3,0,0,0,0,0,0,1,3,2,1,0,6,0,0,0,0,0,1,0,0,0,0,0,0,1,1,0,0,0,0,0,0,0,0,3,5,0,1,0,0,0,0,0,1,0,0,0,0,0,0,0,0,0,0,0,0,2,3,0,1,0,0,0,0,0,1,0,0,0,0,0,0,1,0,0,2,2,0,1,0,0,1,0,0,0,0,2,2,2,4,0,0,0,0,0,0,0,0,0,0,2,0,1,0,1,0,0,0,1,0,3,1,1,0,0,2,2,0,1,2,0,1,0,2,1,0,0,0,0,0,0,3,2,0,0,0,2,2,0,0,0,1,0,0,0,0,0,0,0,0,0,0,1,0,2,0,0,1,0,0,0,0,1,0,0,0,0,0,1,2,2,0,0,4,0,0,0,2,1,0,0,0,0,0,0,0,0,0,0,0,0,0,2,1,1,0,0,2,1,8,1,0,0,1,0,1,2,3,0,0,0,1,1,0,1,0,0,0,4,0,1,2,7,3,0,3,0,4,0,0,1,2,2,0,0,3,1,0,0,0,2,1,0,1,0,4,0,0,0,2,1,1,0,1,1,0,0,0,0,1,0,1,0,0,0,0,0,0,1,0,0,0,1,0,1,1,7,0,0,0,0,0,4,0,2,1,0,0,0,1,0,1,1,2,0,3,0,1,0,0,2,0,0,3,0,0,1,0,0,1,0,3,2,1,2,0,2,0,0,5,0,0,0,0,0,1,0,0,0,1,0,0,0,1,0,2,1,0,0,2,1,0,1,0,0,14,0,0,0,0,0,1,1,3,0,0,2,3,0,4,1,0,0,0,0,0,0,0,5,0,0,0,0,0,1,9,2,1,1,0,4,1,0,0,0,0,0,0,2,3,0,0,0,1,0,2,0,1,3,0,1,0,0,0,0,0,2,0,0,0,3,0,0,0,0,0,0,3,0,1,0,7,3,0,2,2,0,2,3,0,2,0,1,0,1,0,0,0,0,0,0,0,1,0,0,0,1,8,1,2,7,0,0,0,0,0,0,0,0,0,0,0,1,0,1,1,1,2,0,0,0,7,0,0,0,0,0,0,0,1,0,0,0,2,1,0,0,4,2,0,1,0,0,0,0,0,0,0,2,2,0,3,0,0,0,0,0,3,2,0,0,0,0,0,6,1,3,2,0,3,0,0,0,1,0,1,1,1,0,0,0,0,0,0,1,5,1,0,1,0,0,0,0,0,0,0,5,0,0,5,4,1,2,4,1,0,0,0,0,0,2,2,0,0,0,3,0,0,0,0,0,0,1,3,1,0,0,0,0,1,0,0,0,0,1,0,3,0,1,1,2,0,15,0,0,0,1,1,6,0,0,0,0,0,0,0,1,0,0,1,1,1,0,0,0,0,1,1,1,0,1,0,0,0,1,3,0,1,0,1,0,0,1,0,0,0,0,2,0,0,0,0,1,0,1,2,5,0,5,1,1,0,0,0,0,0,1,0,0,0,0,0,0,0,0,2,0,0,0,0,3,3,0,0,0,0,0,0,0,0,1,0,0,0,0,0,0,0,0,4,0,0,2,1,2,7,0,2,1,0,3,2,0,0,1,0,0,0,0,0,2,0,6,5,0,1,0,0,0,0,1,0,2,3,0,0,0,0,0,0,0,0,0,0,0,0,0,0,0,0,1,0,2,0,0,0,0,1,2,1,0,0,0,1,0,0,4,0,0,0,2,0,1,1,0,0,3,0,1,0,0,0,0,0,2,0,0,0,0,1,4,0,0,0,0,0,0,0,0,0,3,0,0,5,0,0,0,1,0,3,0,0,0,2,0,1,1,3,0,2,0,0,8,0,2,0,3,2,2,0,0,2
Futurology,0,2,2,4,9,0,0,1,0,1,0,0,1,0,1,2,1,2,1,0,1,1,1,1,0,0,1,0,1,0,0,1,2,1,0,6,1,0,0,2,0,0,4,2,0,0,0,0,1,0,1,0,0,0,5,0,2,0,0,1,0,0,0,2,0,1,0,0,1,1,0,0,1,0,0,6,0,0,0,0,0,1,0,0,0,0,1,0,0,0,0,1,0,1,5,0,1,2,0,0,1,1,0,0,1,0,1,2,0,0,2,1,26,3,0,0,2,0,0,0,0,0,1,0,0,0,1,0,2,0,0,0,0,0,0,3,0,2,0,0,0,0,1,0,1,2,3,0,1,3,1,3,0,2,32,0,0,0,0,0,1,0,0,2,1,0,0,1,0,1,0,1,0,1,0,41,1,2,1,1,0,0,3,1,0,2,0,1,0,0,0,0,0,1,2,0,0,0,0,1,3,0,0,0,1,1,0,0,0,0,0,0,0,2,3,1,0,1,4,1,1,0,1,1,0,3,0,0,1,2,1,1,1,0,1,2,3,2,20,0,3,2,0,0,0,0,0,0,0,0,1,0,0,0,0,1,1,0,34,0,2,1,1,0,0,0,1,0,1,0,1,1,2,2,2,0,4,1,0,2,2,0,0,0,1,2,1,1,2,0,1,0,1,1,0,7,0,3,2,0,3,0,2,2,0,2,2,3,0,0,6,2,0,3,5,4,1,0,0,0,0,0,0,1,1,0,0,0,0,1,0,0,0,0,0,1,1,0,4,0,2,0,1,0,4,0,0,0,1,2,0,1,1,2,1,0,2,0,0,1,0,0,0,2,1,2,0,0,1,0,0,0,1,0,0,0,0,0,1,1,1,0,0,0,2,0,0,0,0,0,0,0,0,1,0,0,0,4,0,4,1,1,11,0,1,0,3,0,0,1,0,1,0,0,1,0,0,0,0,0,0,0,2,0,0,0,0,0,0,2,1,0,0,1,0,0,1,0,1,0,2,0,1,0,0,1,0,1,0,0,1,1,2,4,1,7,1,4,0,0,4,0,2,0,1,2,0,0,0,0,1,5,0,2,2,0,1,0,0,3,0,0,1,0,0,1,0,0,0,0,0,0,1,1,1,2,0,0,3,0,0,0,0,0,0,3,1,0,1,1,0,0,0,0,2,0,0,3,2,1,0,1,6,1,18,2,2,0,0,0,0,0,1,3,0,0,2,0,2,0,1,1,8,1,0,0,0,5,0,1,0,0,1,1,9,0,1,3,0,1,1,1,0,2,0,2,4,0,3,0,3,0,0,2,0,0,1,0,0,0,0,1,0,0,6,0,0,2,0,1,0,0,1,0,0,0,0,0,4,3,22,2,0,2,1,2,2,1,1,3,8,0,0,0,1,0,2,1,3,11,0,1,1,1,0,1,1,0,4,6,1,0,1,0,1,2,0,0,0,0,0,0,0,0,0,1,0,0,0,1,39,5,0,0,2,0,0,0,0,0,0,0,1,3,2,0,0,1,0,2,2,2,0,1,2,0,4,1,1,0,2,0,2,0,0,0,0,0,2,3,0,0,0,0,0,1,4,0,3,1,1,1,1,0,0,0,0,0,1,0,1,1,0,0,0,1,1,2,1,1,0,0,0,1,0,3,0,0,4,4,1,0,5,1,1,0,0,0,0,1,1,1,0,2,0,7,0,0,0,0,5,2,3,0,1,1,0,0,1,0,2,0,4,1,0,2,0,1,1,0,0,16,0,0,2,6,1,12,0,1,1,1,0,4,0,4,0,1,0,9,5,3,1,1,0,2,0,1,0,0,0,1,0,0,3,1,3,0,0,1,0,1,3,1,0,0,1,0,0,0,1,3,0,0,1,0,0,1,2,1,2,0,2,0,0,0,1,1,0,0,0,0,0,0,4,0,2,2,3,4,3,0,1,0,1,0,0,1,0,0,0,0,0,0,1,0,0,0,4,0,1,0,0,3,22,1,4,0,1,1,0,0,2,0,0,1,1,0,2,0,0,2,2,0,1,0,0,1,0,0,0,4,1,0,2,0,1,0,0,1,0,0,2,0,6,0,0,0,0,0,1,0,0,0,1,0,0,0,5,0,1,0,0,0,1,5,2,0,0,2,0,1,0,0,0,2,3,2,0,8,0,0,1,4,0,1,0,0,0,3,0,0,0,1,1,1,0,0,0,0,0,1,2,0,0,0,0,2,1,5,0,0,1,0,1,2,5,0,0,0,0,13,0,2,0,1,22,3,0,0,2
clevercomebacks,0,0,0,1,0,0,0,0,1,1,0,0,0,2,0,1,2,0,1,0,1,0,0,1,0,2,2,4,0,0,0,0,1,3,1,7,0,2,0,0,0,0,1,4,0,0,0,0,1,0,2,0,0,1,5,0,2,0,0,0,2,1,2,0,0,0,3,2,2,0,0,0,0,2,0,0,1,5,0,0,0,1,0,0,0,0,0,0,2,1,0,0,1,2,3,0,0,0,0,0,0,0,1,2,2,0,0,4,0,0,0,0,0,0,1,0,3,0,0,0,0,0,0,0,3,20,0,0,0,0,0,0,19,0,0,2,0,2,1,0,0,0,1,0,0,9,0,6,1,1,5,0,0,1,53,2,0,0,0,0,1,6,0,0,0,0,0,0,0,0,18,0,2,0,1,47,0,0,0,0,2,0,0,1,1,4,4,1,0,1,0,0,2,1,3,0,0,1,0,1,1,0,0,0,1,0,0,0,0,0,1,0,0,2,0,0,0,0,1,1,0,0,0,0,1,0,0,0,2,5,0,0,0,0,1,4,3,0,1,0,3,1,1,1,2,0,0,0,7,0,1,1,0,0,1,0,0,0,4,1,1,0,1,0,0,0,0,0,0,0,0,0,1,0,0,0,3,1,0,1,0,2,4,0,0,1,0,2,0,1,0,0,0,0,3,0,0,3,0,0,2,2,4,6,0,0,0,2,0,0,2,2,1,0,4,1,1,1,0,0,1,0,1,0,0,0,0,0,0,1,3,0,0,1,0,1,0,1,0,0,1,17,0,0,0,1,0,2,0,0,1,1,0,1,1,0,0,1,0,0,1,0,0,0,0,1,0,0,0,1,0,0,0,0,0,0,0,1,7,0,2,0,0,1,0,0,0,1,1,0,0,0,4,0,5,1,0,4,0,1,0,5,3,1,0,1,1,0,0,4,0,1,0,0,2,0,1,0,0,0,0,0,0,0,6,0,9,1,1,4,3,1,2,1,0,0,2,0,2,0,0,0,0,0,0,0,0,0,2,0,2,0,2,6,1,1,0,0,0,0,1,0,1,2,0,1,0,0,0,0,0,0,1,0,1,0,0,1,9,1,0,0,2,0,0,6,0,0,0,2,0,4,1,0,3,1,0,1,3,2,0,1,0,1,1,6,1,2,0,1,0,0,0,1,5,0,1,4,1,0,2,0,1,2,7,0,0,0,0,0,0,3,1,0,0,1,2,1,2,0,10,0,2,1,0,1,0,4,0,4,0,3,0,0,5,2,1,2,0,0,1,1,0,0,0,0,1,1,1,0,0,0,1,0,0,0,1,0,0,0,0,2,0,0,0,2,0,0,1,1,1,0,1,0,0,0,4,1,0,0,8,1,0,0,1,0,1,1,0,2,1,2,1,0,2,0,2,2,0,0,0,0,0,0,0,2,0,1,1,8,0,2,3,0,1,1,1,1,0,1,0,0,0,0,2,0,0,0,0,0,16,0,0,0,1,19,0,0,0,0,0,3,1,2,3,1,1,0,0,4,0,0,0,0,2,0,3,0,1,3,0,0,0,0,0,0,0,0,2,1,0,0,0,0,0,1,4,0,0,0,0,0,0,0,0,0,0,0,1,0,0,1,0,0,2,0,0,0,0,0,0,1,0,0,0,1,1,0,0,4,1,0,9,2,2,0,0,0,0,0,0,0,1,0,0,0,0,1,0,0,2,1,1,0,1,0,0,0,0,0,2,0,1,0,0,1,0,0,0,0,0,29,2,0,1,1,1,5,0,0,0,0,0,0,1,0,0,2,0,6,3,5,0,0,0,0,2,1,0,0,0,0,0,0,2,1,3,0,0,0,1,0,2,1,0,0,0,0,0,0,0,0,0,0,0,0,0,4,5,0,2,0,0,0,0,1,5,1,0,2,1,1,0,0,2,2,0,0,0,2,2,0,0,0,0,2,0,0,0,1,0,1,5,0,1,0,0,0,1,0,0,2,1,2,8,1,2,0,4,0,1,0,0,1,0,0,2,0,0,1,0,4,6,0,0,0,0,0,0,0,0,4,0,0,0,0,0,3,0,4,1,1,2,0,0,0,0,1,2,1,0,0,1,0,0,4,1,0,1,5,1,0,0,0,1,13,0,0,0,3,1,0,0,2,0,2,0,2,1,1,0,2,2,2,0,0,0,0,1,1,2,0,0,0,2,1,0,0,0,1,0,1,0,0,0,1,0,0,0,1,0,0,2,2,0,1,4,0,2,0,0,9,0,8,1,1,17,3,1,0,2
LeopardsAteMyFace,1,0,1,0,0,0,0,1,2,0,0,0,0,0,0,2,0,0,1,0,0,0,1,1,0,0,1,0,0,0,0,0,0,5,2,4,0,2,0,0,0,0,0,3,0,0,0,0,0,2,0,0,0,2,2,0,3,0,0,0,2,0,0,0,2,2,1,2,2,0,0,0,1,2,0,1,0,1,3,0,0,0,0,0,0,0,1,0,0,1,0,0,0,3,4,0,0,0,1,0,1,0,0,0,2,0,0,5,0,0,1,0,0,0,1,1,5,2,1,0,0,0,0,0,0,0,2,1,0,0,10,0,0,0,0,0,3,3,0,1,1,0,0,0,0,2,1,0,1,0,2,0,0,1,26,2,0,0,0,0,0,0,0,0,0,0,0,0,1,2,0,0,1,0,0,22,2,0,0,0,0,0,0,1,0,4,1,2,0,0,1,0,1,1,1,0,1,0,10,4,1,0,0,0,0,3,2,0,0,1,0,0,1,7,0,0,0,0,1,1,1,0,0,0,0,2,1,0,0,0,1,1,0,0,0,0,0,0,0,0,0,0,0,0,1,0,0,3,3,0,0,1,0,0,1,0,1,0,0,1,0,0,0,0,1,0,1,0,0,0,1,2,2,0,0,0,1,0,0,0,0,0,1,2,0,0,0,0,0,4,0,0,1,0,5,0,1,2,1,1,5,2,0,2,0,0,0,0,0,0,4,1,0,2,1,6,5,0,0,1,0,1,0,1,0,0,0,0,0,0,0,0,0,1,1,0,3,0,0,0,3,1,1,3,0,0,0,0,1,1,1,0,0,20,2,1,1,0,0,1,0,0,4,0,1,0,1,9,1,0,2,0,0,0,0,19,0,0,2,0,0,0,1,0,0,1,0,0,0,0,1,0,0,1,1,0,0,11,0,4,0,7,8,1,1,0,2,0,8,3,0,3,0,0,0,0,0,0,2,4,0,0,3,4,8,0,0,0,0,6,0,1,0,0,0,0,2,0,3,1,0,0,1,0,0,1,1,1,0,0,0,10,0,5,2,1,1,0,0,0,0,0,1,1,0,1,0,0,0,0,1,1,0,0,0,2,0,1,0,2,0,0,0,0,0,1,0,0,0,0,0,1,1,1,1,0,0,0,1,0,1,0,1,1,0,2,0,0,1,0,0,0,1,0,5,0,1,2,7,1,0,0,2,0,7,0,0,0,0,0,3,1,2,1,0,0,2,0,2,1,1,0,1,0,1,0,19,2,1,4,1,1,0,1,5,1,0,2,0,0,0,0,0,0,0,1,1,1,2,0,0,0,0,0,0,0,0,0,0,1,0,2,0,0,1,1,0,0,0,1,0,0,0,0,3,0,6,0,0,0,13,1,1,1,3,0,5,1,2,2,0,0,0,0,0,0,1,0,0,0,0,1,1,1,1,2,4,0,1,3,1,2,0,0,0,1,0,0,0,0,0,0,0,0,3,4,1,0,1,0,8,0,1,0,4,0,0,0,0,0,0,0,1,1,0,0,0,2,0,2,1,0,0,1,2,4,0,3,1,4,2,0,0,0,0,0,0,1,0,2,0,0,0,1,1,2,2,0,0,0,0,0,0,0,0,0,0,1,1,0,0,0,0,0,2,3,1,0,2,0,0,0,0,0,0,2,0,0,0,0,0,0,1,0,1,0,0,0,0,1,0,0,0,0,0,0,1,0,0,0,3,1,2,0,0,6,0,0,2,0,4,3,1,0,2,3,2,1,0,2,3,19,2,0,1,1,0,5,1,0,1,0,0,0,0,1,3,0,1,2,0,0,1,3,1,0,0,0,1,0,0,0,0,0,5,3,1,0,0,0,0,1,0,0,1,0,0,0,1,0,0,0,1,1,3,0,1,5,10,0,2,0,0,0,0,1,0,1,0,0,0,0,1,0,4,1,0,1,0,0,5,0,0,0,1,1,0,0,1,0,0,1,0,0,0,0,3,1,3,0,0,0,1,0,13,1,5,0,1,0,0,0,3,0,0,6,0,0,0,0,0,0,3,0,6,0,0,0,0,0,0,10,0,1,0,0,1,1,0,0,0,0,0,1,0,1,0,0,1,8,1,0,1,0,1,2,0,1,7,1,1,0,0,0,0,2,0,1,0,0,0,0,6,1,0,4,1,9,0,0,1,1,2,3,0,1,0,0,0,4,0,0,0,0,1,0,0,1,1,1,1,0,0,0,2,0,0,0,0,3,0,0,0,0,2,3,2,1,6,0,2,3,0,3,0,2,8,1,0,0,2
climatechange,0,0,0,1,4,0,0,1,0,1,0,1,0,4,2,0,2,0,0,0,1,0,0,1,2,1,1,2,0,0,0,1,1,0,0,4,0,3,0,1,3,1,2,5,1,0,1,0,0,1,1,0,0,6,4,0,1,0,0,3,1,3,2,2,0,0,1,3,1,0,1,1,0,1,0,3,3,1,0,1,2,0,0,0,1,0,1,0,1,2,0,1,1,9,4,8,2,2,0,2,3,0,2,2,6,2,0,4,0,0,3,3,0,0,0,0,2,1,4,0,3,0,4,1,1,0,4,0,0,0,1,3,0,1,1,6,1,2,1,0,0,0,2,0,0,1,0,4,0,0,0,0,0,0,32,3,1,0,0,0,0,0,0,0,0,0,1,3,1,1,0,2,1,1,0,39,3,1,0,0,4,0,0,1,0,2,4,3,0,3,8,0,2,0,1,0,0,0,1,0,0,1,0,3,0,0,1,0,0,1,0,0,2,6,3,3,2,2,1,0,1,0,0,0,0,0,3,0,0,6,0,1,0,0,0,0,0,1,0,2,0,1,0,1,1,2,0,1,1,2,6,0,0,3,1,0,0,2,0,0,0,0,2,3,0,0,1,0,3,1,2,0,0,1,0,0,1,3,0,1,0,1,0,1,1,1,3,1,0,0,0,3,0,0,2,0,0,9,0,2,7,2,1,1,1,1,0,1,0,0,2,3,0,2,3,2,2,3,1,0,0,0,2,1,0,1,0,0,2,0,0,0,0,1,3,0,0,3,1,5,1,0,1,1,0,0,4,0,3,0,2,2,0,0,2,1,10,0,1,6,50,14,1,2,0,1,1,0,1,0,0,0,0,0,0,0,2,2,2,0,0,0,1,1,0,1,1,0,0,0,0,0,0,1,0,0,0,21,0,2,0,4,21,1,1,0,2,2,0,5,2,13,5,0,6,0,0,0,0,0,0,0,2,0,3,0,0,0,0,8,1,0,1,2,0,0,1,1,5,4,1,0,1,0,0,12,0,2,1,0,0,9,1,4,0,1,1,10,0,0,1,0,1,1,1,0,1,0,1,1,2,2,1,0,1,0,0,0,0,0,20,0,1,0,0,3,0,0,0,0,1,1,4,0,0,0,0,1,6,1,1,0,1,4,0,2,3,0,0,6,1,2,0,1,2,1,4,3,5,8,1,3,1,1,9,1,0,0,0,0,5,0,13,2,2,0,2,1,2,2,2,0,2,7,1,1,0,4,0,3,1,0,0,4,8,10,0,8,2,0,2,0,0,0,0,0,2,1,2,1,0,0,1,0,0,0,0,1,1,2,0,1,1,1,2,1,0,0,0,6,2,0,0,1,11,0,2,0,0,0,25,1,0,0,1,0,4,2,5,3,6,2,0,0,1,2,2,0,0,0,1,0,0,3,0,2,1,0,2,8,0,0,0,0,1,2,1,1,0,0,0,0,0,0,1,1,1,0,6,2,13,1,0,0,2,0,13,0,1,1,0,2,0,1,0,0,0,0,0,3,0,1,0,2,1,2,0,0,1,0,2,0,2,1,0,0,0,0,2,1,0,7,0,2,0,0,5,1,0,0,0,1,2,2,1,1,0,5,3,1,0,0,2,0,4,2,0,1,1,0,0,2,2,3,0,1,1,0,4,5,4,0,5,0,0,0,0,1,0,0,0,0,3,0,0,0,0,0,2,0,0,0,1,0,0,5,0,0,0,0,0,0,0,0,0,8,2,3,0,1,0,20,1,1,4,0,0,11,1,0,0,0,3,2,1,1,5,3,0,4,3,0,0,1,0,1,0,0,0,0,1,0,0,0,1,0,2,0,2,1,0,2,0,1,1,0,1,2,0,0,1,0,0,0,0,2,0,1,1,2,0,0,0,3,0,2,0,0,0,0,0,0,1,0,4,26,0,1,1,4,3,2,3,2,2,0,2,0,1,0,3,0,1,1,0,0,1,0,3,0,0,0,0,1,25,2,4,0,1,6,0,0,3,0,1,0,1,1,0,3,1,4,8,0,3,2,0,0,0,1,0,7,0,0,0,0,0,0,3,2,0,0,2,1,0,1,0,0,0,2,1,0,1,1,1,1,2,0,5,0,1,0,2,0,0,5,0,1,0,3,0,0,6,6,0,7,0,4,0,0,0,0,9,3,0,3,0,0,0,4,3,0,2,2,2,0,0,0,0,2,0,1,1,1,0,0,0,0,1,2,0,0,4,0,2,7,2,0,4,1,0,8,0,1,2,2,14,0,1,1,2
CreationNtheUniverse,0,0,0,0,0,0,0,1,0,0,0,0,0,0,0,0,1,0,0,0,0,0,0,1,0,0,2,0,0,0,0,0,0,0,1,3,0,1,0,0,1,0,0,0,0,1,1,0,0,0,0,0,0,0,0,0,1,0,0,1,1,0,0,0,0,0,0,3,2,2,0,0,1,3,0,0,1,1,1,0,0,0,0,0,0,0,0,1,0,2,0,1,0,1,1,0,0,1,0,1,1,0,0,0,2,1,0,2,0,0,4,0,0,0,1,1,0,0,0,0,1,0,1,1,0,0,0,1,1,0,1,3,0,6,0,3,0,0,0,0,0,0,1,0,0,3,3,3,0,0,1,0,0,0,5,0,0,0,0,0,1,0,2,0,0,0,0,0,0,0,0,2,1,0,0,5,0,0,0,0,0,19,1,0,0,0,1,1,0,0,9,0,0,0,0,0,0,0,0,0,0,2,0,0,0,0,0,1,0,2,0,0,1,5,1,1,0,0,0,0,0,0,0,0,0,0,0,0,0,1,0,0,0,0,0,2,0,1,0,0,0,0,0,0,0,1,0,0,0,0,0,0,0,0,0,1,0,0,0,0,0,0,0,0,2,0,1,2,0,0,0,0,2,0,0,1,0,0,0,1,0,0,0,0,0,0,0,1,0,0,0,0,1,1,2,0,0,0,0,0,2,0,2,1,0,0,0,1,1,0,3,0,0,1,1,2,1,0,0,0,0,0,1,1,1,1,0,0,0,0,0,0,0,2,0,0,2,0,0,0,0,0,0,0,0,0,0,0,0,0,0,0,0,0,1,0,0,3,0,0,0,0,0,0,0,2,1,0,2,0,0,1,0,0,0,0,0,1,8,3,0,0,0,0,0,0,0,2,0,0,0,0,0,2,0,0,0,4,2,2,0,1,6,0,2,0,5,0,0,4,0,1,0,0,0,0,0,0,0,0,1,0,1,0,6,0,0,1,0,0,0,1,0,0,2,0,0,0,1,0,0,0,0,0,0,4,0,1,0,0,0,0,0,1,1,0,0,0,1,1,1,1,0,1,1,1,0,0,1,0,0,0,0,0,0,0,0,0,0,2,0,0,0,0,0,1,1,0,0,3,3,0,3,0,1,1,0,0,7,0,0,0,0,0,0,0,0,0,1,1,0,1,0,0,1,0,0,3,3,0,0,2,1,0,10,0,1,0,0,0,3,0,1,1,1,0,2,0,2,0,0,0,2,3,0,0,0,0,0,1,0,1,0,0,8,0,0,2,0,2,0,0,0,0,0,0,0,2,4,1,0,0,2,0,0,0,1,0,0,1,0,2,0,0,0,1,0,1,0,2,0,0,0,0,2,0,2,0,0,0,7,2,0,0,1,0,3,1,0,0,1,2,1,0,0,0,0,1,0,0,0,0,0,0,3,2,1,0,1,2,0,0,1,0,0,0,0,0,0,1,0,0,1,0,0,0,0,0,5,0,13,0,0,0,1,0,0,0,1,0,0,0,0,1,0,2,1,0,0,2,0,0,0,0,0,1,0,0,1,0,0,0,0,0,1,0,0,0,1,0,0,2,0,4,0,1,1,0,0,3,1,0,0,0,0,0,0,0,0,0,0,0,0,0,2,0,0,1,2,0,0,0,1,0,0,1,0,0,0,2,0,2,1,0,0,0,0,0,1,1,0,1,0,0,0,1,0,0,0,0,1,0,2,0,0,0,0,0,0,0,0,1,2,1,3,3,0,0,3,0,0,8,0,0,2,2,1,1,0,0,0,0,0,0,0,0,0,0,0,1,0,0,0,3,1,0,0,0,0,0,1,0,0,0,6,0,2,1,0,0,0,0,0,1,0,2,0,1,0,0,0,2,0,1,1,1,1,1,4,0,4,0,1,0,0,0,0,0,0,0,0,0,0,23,1,1,0,0,0,0,6,0,0,0,0,4,5,0,0,2,0,0,0,0,0,0,0,0,1,0,0,0,0,0,7,0,0,0,3,4,0,0,2,1,0,1,0,0,1,0,0,3,3,4,0,0,0,0,0,0,0,1,0,0,0,0,1,0,1,0,0,0,0,0,0,0,0,0,0,1,1,0,0,0,0,3,1,1,3,0,1,0,0,0,0,5,0,1,0,0,2,0,0,1,0,6,0,0,0,0,2,0,2,3,0,0,0,3,0,1,1,1,0,0,2,0,0,0,0,0,0,0,0,0,0,0,0,2,0,0,1,1,1,0,0,3,1,0,0,0,0,6,2,2,1,1,1,1,0,1,2
anime_titties,0,0,0,2,1,0,0,1,0,1,0,2,0,4,1,0,0,0,0,0,1,0,0,0,8,1,0,1,3,0,0,1,1,0,0,2,0,0,1,1,0,1,0,2,2,0,0,0,0,1,2,1,0,4,6,0,2,0,1,0,2,1,0,2,0,0,0,2,2,0,3,0,0,5,0,2,0,0,0,0,1,0,0,1,0,0,1,1,0,1,0,0,1,5,4,0,1,1,1,0,1,1,0,0,1,0,0,3,0,0,2,0,2,0,0,0,3,0,0,0,0,0,1,1,0,0,1,1,1,0,1,0,0,0,0,1,0,4,0,0,0,0,1,0,0,0,0,1,2,0,11,2,1,0,46,1,0,0,1,0,0,0,1,2,0,1,0,2,2,0,0,3,0,0,1,50,3,0,0,0,1,0,0,0,0,12,3,0,4,2,0,2,2,0,4,0,0,0,2,0,3,0,0,0,0,1,0,0,0,2,1,0,1,4,24,0,3,0,0,1,0,7,0,0,3,1,0,0,0,0,0,0,1,0,0,1,0,3,0,1,0,0,0,1,0,1,9,6,2,0,0,0,0,0,2,3,0,0,1,1,0,2,0,0,0,0,0,1,1,1,0,0,3,0,0,1,0,1,0,2,1,4,0,1,0,0,2,0,0,1,1,1,0,2,2,0,8,0,1,0,3,2,0,0,1,0,1,3,11,12,3,0,0,0,4,2,0,0,0,0,1,0,0,0,0,0,2,1,0,0,0,0,0,3,2,1,0,0,1,1,2,0,1,0,12,0,2,0,3,1,0,2,3,0,1,0,2,1,0,0,0,0,3,0,3,0,3,0,0,1,0,0,0,1,0,1,0,0,3,1,2,1,0,4,4,0,0,0,0,0,0,0,0,0,0,6,5,17,0,2,0,8,15,0,3,0,5,0,0,2,0,7,0,0,0,1,0,0,0,1,0,1,2,0,1,0,0,3,3,9,1,0,3,1,1,0,1,1,4,1,0,1,2,1,0,4,1,0,1,0,3,2,0,14,0,2,0,0,0,0,1,0,1,1,0,1,25,0,0,3,1,4,0,0,0,2,1,0,0,2,0,0,2,0,0,5,0,0,0,1,2,1,2,2,2,0,2,0,6,0,0,1,0,2,2,1,2,0,0,0,0,3,1,1,2,1,0,1,2,0,0,0,3,0,11,0,0,3,2,1,2,0,5,0,0,2,1,0,2,1,0,0,3,0,0,0,0,4,1,1,0,2,1,0,8,2,0,6,0,0,11,3,1,0,0,0,2,2,4,2,0,3,1,1,0,0,1,0,0,4,0,1,33,0,0,0,0,1,0,1,1,0,0,0,0,0,4,0,2,0,13,3,1,2,1,0,6,1,5,6,4,0,0,2,0,3,2,0,0,2,2,0,0,0,1,2,1,1,1,12,0,1,0,1,0,2,1,3,1,0,0,0,0,0,0,1,2,0,2,0,37,0,0,1,2,0,0,0,0,0,0,3,0,3,0,2,0,4,0,2,3,4,0,3,0,4,3,1,0,0,1,1,0,0,1,0,0,0,0,0,0,0,0,1,0,3,10,0,1,0,1,0,0,0,1,0,0,0,1,0,0,0,1,0,3,2,0,1,2,0,0,0,0,2,1,4,0,0,1,0,0,1,5,1,0,1,0,0,0,2,4,0,0,0,0,2,0,0,1,1,1,0,3,0,4,0,0,0,1,0,0,0,2,0,1,9,3,1,0,0,1,22,0,0,4,0,0,5,0,0,0,0,0,0,0,1,0,0,0,8,1,4,0,1,2,0,0,1,2,0,1,3,0,2,4,3,2,0,1,1,0,0,5,0,1,0,3,0,0,0,4,2,0,0,1,1,0,3,2,0,1,0,2,2,0,0,1,1,0,1,0,0,0,0,2,1,0,1,0,0,3,0,0,0,4,0,1,2,0,0,0,1,0,0,0,0,8,1,3,3,0,0,0,3,13,0,4,0,1,1,0,0,2,1,0,1,0,0,1,0,0,5,4,0,1,0,1,4,1,0,1,13,0,2,1,0,1,0,1,3,0,0,1,0,0,1,1,0,0,3,2,0,0,0,1,2,3,1,6,1,3,0,0,0,0,6,0,0,0,0,3,1,0,8,0,6,6,1,1,0,0,1,3,2,0,0,0,2,0,8,0,2,0,0,0,1,0,0,0,0,0,1,0,1,1,0,0,0,0,2,0,0,2,0,0,4,11,4,6,0,0,7,0,0,0,3,7,0,0,0,2
ClimateOffensive,0,0,0,1,0,0,0,1,0,0,0,0,0,4,0,1,0,0,0,0,0,0,0,0,0,0,0,0,0,0,0,0,1,2,0,2,0,0,0,1,0,0,3,0,0,1,0,0,0,1,1,0,0,3,1,1,0,0,5,1,2,0,0,2,1,0,0,0,2,0,0,0,1,0,0,1,1,0,0,0,0,0,0,0,0,0,0,1,0,0,0,0,1,1,5,0,0,0,0,0,0,0,0,0,2,1,0,1,0,0,2,0,0,0,0,1,1,0,0,0,0,0,1,1,0,0,0,0,2,0,0,1,0,0,0,0,0,1,0,1,0,0,1,0,0,0,0,2,0,0,1,0,1,2,5,0,0,0,0,2,0,0,0,3,0,0,2,0,1,1,0,0,0,0,0,5,0,0,0,0,0,0,0,0,1,1,0,1,0,0,0,0,1,0,1,0,0,0,1,0,2,0,0,1,0,0,1,1,0,0,1,0,0,2,3,0,0,0,0,1,3,0,0,0,0,3,0,2,0,0,0,0,0,1,0,1,2,0,0,1,0,0,0,0,0,0,0,3,0,0,0,0,0,0,3,0,0,0,3,0,0,0,0,0,0,0,3,0,1,0,0,0,0,0,0,2,0,1,0,0,0,0,0,0,1,1,0,4,0,1,1,3,0,0,1,2,2,0,2,0,2,1,2,1,0,0,0,0,0,0,4,2,0,1,0,1,1,0,0,0,3,0,0,0,1,0,0,0,0,0,6,0,0,0,0,0,1,0,0,0,2,0,0,0,0,0,1,0,1,1,0,1,1,0,0,0,0,0,0,0,3,0,0,0,0,0,0,0,0,0,0,0,0,0,0,0,0,1,9,2,0,0,0,0,5,3,0,0,0,0,0,0,0,2,0,0,0,5,0,1,0,0,5,0,4,0,3,1,0,1,1,0,0,1,1,0,0,0,0,0,0,0,4,0,1,0,0,0,1,1,0,0,0,0,0,0,0,0,2,0,0,1,0,0,0,0,1,1,0,0,0,0,0,12,0,3,0,1,0,0,0,0,0,2,1,0,0,0,0,0,1,2,0,3,1,0,0,1,0,0,0,0,0,0,0,4,0,0,0,0,0,0,0,0,1,0,0,0,1,0,0,0,0,0,1,0,4,0,1,0,0,0,0,0,1,0,0,1,1,2,0,1,1,0,9,0,0,0,1,0,1,0,1,1,0,0,2,0,4,0,0,0,1,0,0,0,0,6,0,1,0,0,0,0,1,0,0,2,0,0,0,0,0,0,0,0,1,2,2,0,0,0,0,0,0,0,1,1,0,0,0,0,0,0,1,0,1,1,0,0,0,1,0,0,0,0,4,0,0,0,9,4,1,0,0,0,0,1,3,1,0,3,0,0,0,0,0,0,0,0,0,2,0,0,0,2,4,1,1,2,0,0,0,0,1,9,0,0,0,0,0,0,0,0,0,2,1,0,0,0,8,1,0,0,1,0,0,0,0,0,0,0,1,2,0,0,0,0,0,1,1,0,0,0,0,0,0,0,1,3,0,0,0,0,0,0,3,0,1,0,0,1,0,0,1,2,1,0,1,1,0,0,0,1,0,0,0,0,0,0,0,0,1,0,0,0,0,0,0,0,0,0,0,0,1,6,0,0,0,0,2,1,2,1,0,2,0,0,0,0,0,0,0,0,0,1,0,0,0,0,0,0,2,0,0,0,0,1,2,1,0,0,1,0,0,1,0,0,0,4,1,9,1,0,0,0,0,0,0,0,0,1,0,1,0,0,0,1,0,6,0,0,0,1,0,0,0,0,1,0,2,0,0,0,2,0,1,0,1,0,0,0,0,2,1,0,0,2,0,0,0,0,0,0,0,1,0,1,1,2,0,0,0,0,0,0,3,0,0,0,0,0,0,0,0,1,0,0,0,1,1,0,0,0,0,0,4,0,0,1,0,0,0,0,0,0,0,0,1,0,0,0,0,0,9,0,1,1,0,0,0,0,0,0,0,1,0,0,2,0,0,2,1,0,2,0,0,0,0,0,1,5,0,0,1,0,0,0,0,0,0,0,0,0,0,0,0,0,1,0,1,0,14,0,0,1,0,0,7,0,0,0,0,0,1,1,0,0,0,3,0,0,14,1,0,2,1,0,0,0,0,0,0,2,0,0,0,0,0,10,0,0,2,0,0,0,0,2,2,0,0,0,4,0,0,0,1,0,0,1,0,0,0,0,0,0,4,1,2,1,0,4,0,0,0,0,2,0,1,0,2
EconomyCharts,3,2,2,1,2,0,0,0,1,2,0,2,1,1,0,2,2,2,4,1,3,6,1,1,0,0,1,0,0,4,0,0,0,0,1,2,0,0,0,2,0,2,0,2,0,2,0,0,0,0,3,0,0,3,14,0,1,1,0,0,5,4,0,2,2,3,1,1,1,0,3,0,2,1,0,0,0,0,0,1,0,0,0,0,4,0,0,0,0,0,0,2,0,2,2,1,2,1,0,0,1,0,2,0,0,2,0,6,0,0,3,0,0,0,1,0,0,1,0,0,0,1,0,0,0,0,17,1,1,1,2,1,0,1,5,0,0,0,1,1,0,0,0,9,12,0,4,1,1,0,2,1,0,0,8,0,0,9,3,6,0,1,0,5,0,1,0,0,0,3,0,1,3,1,1,3,0,3,17,2,0,0,0,0,0,3,2,0,0,0,4,4,1,0,0,0,0,0,0,0,2,1,1,1,0,2,0,3,0,1,1,2,7,5,11,0,3,3,0,0,3,0,1,1,0,4,1,0,0,2,2,2,0,0,1,2,0,2,0,4,3,0,1,0,1,1,0,1,0,0,0,2,0,0,0,1,0,2,0,2,0,0,1,1,1,0,1,2,0,0,0,0,0,2,1,0,1,2,0,1,1,0,0,3,0,0,0,1,6,0,0,0,12,0,0,13,0,2,23,1,5,2,2,2,0,2,0,0,2,3,10,1,0,0,2,2,0,0,0,0,0,0,1,1,0,15,0,0,0,0,0,3,0,0,2,0,0,0,0,0,3,0,1,1,2,0,1,0,3,0,1,2,0,0,1,0,0,0,0,0,0,0,1,0,0,1,1,0,0,0,4,0,2,0,23,0,0,0,7,4,1,0,0,2,4,4,0,1,0,0,0,5,0,6,0,6,27,10,0,1,1,1,5,2,0,0,5,0,0,1,0,6,0,7,4,1,0,0,0,0,2,1,0,0,1,0,0,0,3,4,1,0,1,1,1,1,7,0,1,1,2,1,0,0,0,0,1,1,0,0,1,0,1,14,4,3,0,0,0,0,0,0,0,2,0,0,0,0,5,2,1,1,3,1,3,0,3,0,0,1,0,0,2,5,1,6,5,0,0,0,0,0,2,0,0,3,0,0,7,0,0,1,0,0,0,2,0,0,0,0,0,1,0,2,4,0,2,4,3,0,0,0,1,0,15,0,0,2,0,0,1,2,3,1,0,1,6,0,13,0,1,1,4,2,1,3,0,1,0,4,0,0,3,1,16,0,1,2,0,3,1,0,3,0,0,1,0,2,1,1,0,0,0,0,0,0,1,0,0,0,0,0,0,0,2,2,0,0,0,7,0,0,1,0,4,0,11,1,0,1,18,0,0,0,1,0,11,1,5,1,2,1,0,0,0,0,1,0,78,1,0,1,0,0,0,0,3,0,3,13,3,0,0,1,0,6,0,0,1,0,0,0,0,0,4,0,2,0,2,4,14,20,0,0,3,0,0,0,1,1,2,1,0,1,26,0,0,2,5,1,0,4,0,1,0,0,5,0,2,6,39,0,0,0,0,0,0,1,2,0,4,3,0,1,4,2,10,0,7,2,1,0,0,0,0,0,1,0,1,0,2,0,2,0,5,1,1,4,2,0,0,0,0,1,3,1,0,6,1,1,0,1,7,6,2,0,0,0,4,2,2,4,1,0,0,1,0,0,0,0,1,0,1,16,1,0,3,1,0,0,0,2,0,0,0,4,2,1,0,4,3,22,1,3,0,1,0,6,0,3,0,0,0,0,1,0,0,0,1,3,5,1,0,0,0,1,0,0,1,0,0,1,0,0,4,1,4,2,0,0,2,2,7,0,0,0,0,0,0,0,1,1,1,9,3,0,3,1,3,0,1,0,5,0,1,0,0,0,1,0,0,2,2,0,1,2,2,0,0,6,5,0,0,0,1,1,0,3,0,0,0,0,2,3,4,0,1,0,2,0,0,1,1,0,24,0,5,1,2,0,0,5,2,0,1,2,1,0,0,0,0,5,5,3,0,0,2,0,0,0,0,8,0,0,0,0,0,5,2,1,0,0,0,0,2,1,1,0,0,3,0,1,0,6,2,0,0,0,6,1,1,0,0,4,0,7,0,0,0,2,0,0,0,0,0,3,4,1,0,0,17,0,5,9,1,0,4,0,1,3,1,0,0,0,1,1,4,0,0,0,0,1,1,8,2,2,0,0,5,2,0,0,0,0,1,4,5,1,1,0,0,3,1,5,4,1,11,1,1,0,2
news,0,0,0,0,2,0,0,1,0,1,0,0,0,0,0,0,0,0,2,0,1,1,0,0,1,0,1,0,0,0,0,0,2,1,0,5,0,0,0,0,1,0,0,0,0,0,0,0,0,1,0,0,2,2,2,0,5,8,0,1,1,0,0,4,0,0,2,3,1,0,0,0,0,1,0,2,2,2,0,0,0,0,1,0,0,1,1,0,0,2,0,0,0,5,0,0,0,0,2,0,1,0,0,0,0,4,0,2,0,0,1,0,8,3,0,0,0,0,0,0,0,0,0,0,1,0,0,1,1,0,0,3,0,17,0,2,0,0,0,0,0,0,1,0,0,1,1,1,0,0,3,0,0,1,9,0,0,0,1,0,1,0,0,0,0,0,0,0,0,0,0,1,1,0,0,11,0,2,0,0,0,0,0,0,4,2,6,0,1,0,30,0,1,0,0,0,0,0,0,2,0,0,0,0,0,3,0,4,2,1,0,0,1,5,0,0,0,0,0,0,5,0,4,0,0,2,2,0,0,0,0,0,0,1,0,3,0,1,0,1,0,0,3,1,0,0,0,0,0,0,0,0,0,0,1,1,0,0,1,1,1,0,1,0,3,10,2,1,0,1,0,1,1,0,0,1,0,0,0,2,0,0,0,0,0,1,0,0,0,1,1,0,1,0,2,0,0,1,0,1,1,2,1,4,0,1,0,0,0,0,4,0,0,1,2,5,1,0,0,2,4,2,1,0,0,4,0,1,0,1,0,0,0,2,0,0,0,0,0,6,0,0,0,0,0,1,0,0,8,0,1,1,0,0,0,0,0,0,0,0,0,0,0,0,5,1,0,0,0,0,0,2,1,2,0,0,0,4,4,1,1,0,3,1,1,0,0,0,0,0,0,0,8,0,1,0,0,9,0,1,1,0,14,0,1,0,13,0,0,0,0,0,0,0,8,0,0,0,0,0,0,0,1,0,3,0,0,0,2,5,1,0,0,0,0,1,0,0,4,0,1,2,1,0,0,0,1,9,0,0,0,0,1,5,2,0,1,0,0,0,0,1,0,0,0,1,0,0,0,0,1,0,2,0,0,0,0,0,0,1,0,0,1,0,0,1,0,0,0,0,1,0,7,0,0,0,0,0,5,3,0,0,0,1,0,6,1,0,0,1,0,2,4,0,1,1,0,0,0,1,0,0,4,1,11,0,1,1,1,0,0,2,7,3,0,0,5,0,4,2,0,0,2,7,1,0,0,7,2,4,0,0,1,0,5,11,2,3,0,0,0,2,0,0,0,0,0,3,4,0,0,0,1,1,0,0,1,2,0,0,0,0,0,1,1,1,1,1,0,13,0,0,0,2,3,0,6,1,0,0,13,1,1,2,2,0,6,4,4,2,2,0,1,3,0,2,1,0,1,0,0,0,0,4,1,0,0,0,2,9,0,1,0,2,1,1,0,2,2,4,0,0,0,0,1,0,1,37,3,0,7,1,0,0,3,0,0,0,1,0,0,2,1,0,0,0,0,0,0,2,0,0,0,0,0,0,0,0,1,0,1,3,0,0,0,0,0,0,1,0,0,1,0,0,0,0,0,0,0,3,3,0,0,0,1,0,0,0,2,0,0,0,2,0,7,2,0,0,0,0,0,0,0,0,1,2,2,0,2,2,1,1,4,2,0,0,2,0,0,2,0,1,1,0,0,0,0,0,0,0,1,0,1,0,0,1,0,2,0,5,1,2,1,0,3,6,0,0,0,3,0,13,1,0,0,1,0,5,1,0,0,0,0,1,0,0,0,0,0,8,1,2,0,3,0,0,0,0,0,0,0,2,0,0,2,1,1,0,0,0,0,0,4,0,0,1,0,1,0,0,0,0,0,0,0,0,0,3,6,0,0,0,0,2,1,1,0,1,0,3,0,0,0,0,3,0,1,2,2,6,1,1,0,0,0,13,0,0,0,0,0,0,0,0,0,0,2,0,2,0,1,2,0,0,13,0,5,1,3,2,1,0,0,0,0,4,0,0,0,0,0,7,7,1,1,0,1,0,1,0,0,3,0,0,1,0,1,1,0,3,0,0,2,1,0,0,0,0,0,1,1,1,0,3,1,2,0,1,2,1,0,0,1,0,0,5,1,3,0,3,0,0,3,0,0,4,1,0,0,0,0,0,0,6,1,0,0,0,0,5,0,0,0,0,0,0,0,0,0,2,0,0,0,0,0,1,2,1,1,0,0,0,1,0,1,5,6,0,0,0,4,9,5,1,0,1,3,0,0,0,2
inthenews,1,0,2,1,1,0,0,0,0,0,0,0,4,1,1,0,0,0,1,2,1,0,0,0,3,1,1,1,0,0,0,0,1,1,0,2,0,0,0,0,0,0,1,4,0,0,1,0,1,0,0,0,0,3,2,0,0,1,1,1,0,1,0,1,0,1,0,2,2,0,0,0,0,3,1,0,0,3,1,0,0,0,1,0,0,0,2,0,0,0,0,0,1,4,2,1,1,1,0,1,1,1,0,2,5,0,0,2,1,0,4,0,1,0,0,0,1,0,1,0,2,0,0,0,0,0,2,0,1,0,0,0,0,0,0,2,0,6,0,1,0,0,0,0,0,0,0,2,0,0,1,0,0,0,16,0,0,0,0,0,0,0,1,0,0,1,0,1,0,0,0,0,1,0,0,21,1,0,0,0,0,0,0,1,0,2,1,1,1,0,3,0,3,0,1,0,0,0,1,1,0,0,0,2,0,1,0,0,1,0,0,0,0,1,1,1,0,0,3,0,0,0,1,0,0,0,0,0,0,1,1,0,0,1,0,1,0,0,1,3,0,1,0,1,1,1,1,4,1,1,1,0,0,8,1,0,1,0,2,1,1,0,0,0,1,1,1,0,0,0,0,0,0,0,0,1,3,1,0,1,0,0,1,0,0,0,2,2,0,0,1,1,0,0,2,2,0,4,0,0,2,0,0,2,1,1,0,1,0,0,4,1,0,1,3,4,1,0,2,0,1,0,0,1,0,0,0,2,0,1,1,0,0,2,1,1,0,0,1,0,0,1,0,0,0,0,1,0,0,0,0,2,1,0,3,0,0,0,0,3,20,2,0,0,0,0,0,0,0,0,0,0,0,0,0,0,0,0,8,0,0,0,2,1,2,1,0,0,0,0,0,0,0,1,0,0,0,4,0,4,0,0,6,0,1,0,2,0,0,2,2,1,7,0,0,0,1,0,0,0,0,0,1,1,4,0,0,1,0,3,0,1,0,0,1,0,1,1,1,0,1,0,1,0,0,1,1,3,0,0,0,1,0,3,0,0,0,4,0,0,1,1,3,0,0,0,0,0,0,2,0,0,0,0,0,1,0,0,0,0,8,0,1,0,1,0,1,0,0,0,0,0,5,0,0,0,0,0,5,0,0,0,0,0,1,3,0,0,0,2,0,0,2,0,0,0,0,3,1,5,1,0,3,1,12,0,1,0,0,1,5,0,1,0,1,2,1,1,2,0,0,0,3,4,0,0,0,2,0,1,1,1,0,1,2,1,0,1,0,1,1,0,0,0,0,0,5,0,0,0,0,0,0,1,2,0,2,0,4,1,0,0,0,0,2,1,0,0,0,1,1,2,0,0,0,2,2,0,0,1,13,1,0,0,1,0,6,1,3,0,3,1,0,0,0,0,2,0,0,0,2,0,1,2,1,2,4,1,0,4,0,0,0,0,0,0,0,0,1,1,0,0,0,0,0,3,0,0,1,0,6,0,1,0,0,0,0,0,0,0,0,0,0,0,0,0,1,1,0,2,1,3,12,1,0,0,0,0,1,0,2,0,1,0,0,0,5,1,1,0,0,0,0,2,0,0,2,0,0,0,0,1,1,1,0,0,0,1,0,0,0,1,0,0,1,0,0,1,2,0,0,1,2,2,1,4,0,0,1,5,0,0,3,0,0,0,0,2,0,0,2,0,1,0,0,0,0,1,0,0,1,0,6,0,1,3,0,0,1,0,0,1,0,0,1,5,5,1,0,2,0,19,0,0,0,1,0,14,0,0,0,0,0,5,0,2,7,0,1,1,1,0,0,2,1,0,0,1,0,1,1,0,0,1,5,1,1,0,0,0,0,1,0,1,4,2,0,2,0,1,1,0,1,0,0,1,0,1,2,1,1,0,0,0,0,0,0,0,0,0,0,1,0,0,2,19,0,0,1,0,3,0,1,0,0,0,4,0,0,0,1,0,0,0,0,0,0,0,0,1,1,0,0,0,13,1,2,0,0,0,0,0,4,0,0,1,0,0,0,0,0,0,5,1,0,0,1,1,0,0,0,2,0,2,1,0,1,0,0,0,0,1,1,1,0,0,0,0,0,1,0,0,2,1,0,0,3,1,4,0,1,0,1,0,0,0,0,0,0,1,0,0,9,1,0,5,0,1,0,0,0,3,8,3,0,10,0,1,1,3,1,0,5,0,0,0,0,0,0,0,0,1,2,0,1,1,0,0,1,0,2,1,2,0,0,3,1,0,0,0,1,2,0,1,0,2,3,1,0,0,2
climate,0,0,0,1,3,0,3,0,0,0,0,0,2,0,0,0,0,0,0,0,1,0,0,1,0,0,0,0,0,0,0,0,0,0,0,1,0,0,0,1,0,0,0,0,1,1,3,0,0,1,0,0,1,0,2,1,1,0,0,1,2,2,1,1,3,0,0,4,3,1,0,0,0,3,0,1,0,3,0,1,0,2,0,1,0,1,0,1,0,3,0,0,0,1,3,0,0,2,1,0,0,0,0,1,2,0,1,4,0,0,2,25,6,6,0,0,0,0,0,0,0,0,0,0,0,1,0,0,1,0,1,0,0,3,0,1,0,1,0,2,0,0,2,0,0,2,5,6,0,0,1,0,0,0,8,0,1,0,0,0,0,0,1,0,2,0,0,0,0,2,0,1,1,0,0,15,2,1,3,0,0,0,0,0,0,2,4,1,0,0,1,0,1,0,0,0,0,0,0,1,0,0,0,1,3,2,0,0,0,0,0,0,0,5,5,0,0,0,0,1,0,0,0,1,0,0,0,2,0,2,1,0,0,0,0,0,2,1,0,0,0,0,0,0,1,0,0,0,0,0,0,0,0,0,0,0,0,1,0,2,1,0,0,0,1,1,2,4,0,0,0,0,0,0,0,2,0,0,0,0,0,0,5,0,0,0,0,0,0,0,0,0,1,3,4,4,0,1,2,1,0,3,2,1,0,1,0,0,0,0,4,1,0,1,1,1,3,0,0,1,0,3,0,0,0,0,0,0,0,0,0,0,0,0,0,0,0,0,0,1,1,2,0,0,0,0,2,0,0,1,0,0,0,0,2,0,0,5,6,0,0,0,0,0,0,0,0,0,0,0,0,0,0,1,0,0,0,0,0,0,1,0,2,0,0,2,0,0,0,20,1,0,0,2,0,0,0,4,0,2,0,2,11,0,1,1,5,0,0,2,0,2,0,0,0,0,0,0,1,1,0,0,0,0,4,0,0,0,0,0,3,0,3,0,0,0,0,0,0,1,0,0,0,0,0,2,0,0,0,0,0,0,0,2,1,5,0,0,12,0,0,4,0,0,1,0,0,1,2,0,0,0,0,0,2,0,0,0,0,1,0,0,0,2,2,3,1,0,0,9,0,0,0,0,1,0,0,2,6,0,0,0,0,1,0,1,1,0,1,0,0,1,0,3,1,0,2,0,2,0,0,1,1,0,8,0,1,0,0,1,1,0,6,2,1,1,0,0,3,0,0,0,2,1,1,0,0,8,0,1,0,1,0,2,4,2,0,0,0,0,0,2,0,0,0,1,2,2,4,0,0,1,3,0,1,1,0,0,0,0,0,1,0,0,2,0,0,0,0,3,0,0,0,0,0,0,4,2,0,1,14,1,0,0,0,0,9,0,1,1,1,0,1,0,0,0,2,1,1,0,0,0,0,0,1,2,0,1,0,4,0,1,0,0,0,0,0,5,0,0,0,0,0,0,3,0,0,0,8,0,9,1,0,0,4,0,0,0,0,1,0,2,0,0,2,0,1,1,0,1,1,0,0,0,3,3,0,0,0,0,1,0,0,0,0,0,0,2,0,0,0,0,0,8,0,1,4,0,0,0,0,0,0,0,0,0,0,0,0,0,0,0,1,0,1,0,0,0,0,0,0,0,0,0,0,3,0,0,3,2,0,0,7,2,0,0,1,0,0,0,3,0,0,0,0,1,1,0,0,0,1,1,0,0,0,1,0,0,1,0,1,3,0,0,15,1,0,0,13,0,0,21,0,1,1,2,0,6,1,0,0,0,0,0,0,0,0,0,0,2,3,0,0,0,0,0,0,0,0,1,1,2,0,0,0,3,1,2,1,0,0,1,1,1,0,0,1,1,0,0,0,0,0,0,2,1,1,0,2,0,0,0,0,0,0,0,0,0,0,3,0,0,1,0,1,0,0,3,0,3,3,0,0,0,0,1,0,0,0,4,0,0,0,0,1,0,0,0,0,1,0,0,0,0,14,1,6,0,3,1,1,0,1,0,0,1,0,0,0,0,0,4,3,0,1,1,0,0,0,0,1,1,0,0,0,1,1,3,2,1,0,0,2,0,0,0,0,2,2,1,0,1,0,3,1,1,0,0,5,0,0,0,2,0,0,9,0,0,0,0,0,2,0,0,0,10,0,1,0,0,0,0,3,2,2,0,0,1,1,2,0,0,3,1,0,1,0,0,0,0,0,0,0,0,0,0,0,0,0,0,0,1,1,0,1,6,7,1,0,0,1,3,0,4,0,1,0,0,4,0,2
atheism,1,1,0,0,0,0,0,0,1,1,2,0,0,0,1,0,0,0,1,0,1,0,1,0,0,0,5,0,1,0,1,1,4,1,0,3,1,4,0,1,0,1,2,1,0,0,0,0,0,0,0,0,1,2,10,0,2,0,1,0,0,0,1,1,0,2,0,4,5,3,1,0,0,3,0,1,1,2,1,1,0,0,0,0,0,0,0,1,1,5,0,0,1,6,5,0,0,0,0,0,2,0,1,8,17,1,1,2,2,11,1,0,0,0,1,0,3,0,0,0,2,1,1,2,0,0,0,0,0,2,0,1,0,0,1,3,0,1,1,0,0,2,0,0,0,0,0,12,0,1,6,0,1,0,8,0,0,0,0,0,1,0,1,0,1,0,10,0,0,1,0,0,0,2,0,7,1,1,0,0,0,0,0,1,0,3,9,0,1,0,1,0,2,1,2,0,2,0,1,1,0,0,0,0,0,2,1,1,0,0,0,1,1,3,4,0,1,0,0,2,0,1,0,1,0,2,1,2,0,2,2,0,0,1,0,8,1,0,4,2,0,0,0,1,1,0,0,0,0,4,0,0,0,0,2,9,3,0,4,3,0,0,1,0,0,0,1,3,1,0,1,0,1,0,1,0,0,1,0,14,0,1,2,0,0,0,1,3,0,1,2,0,0,0,1,0,0,9,1,0,3,0,6,0,1,1,0,1,0,0,10,2,0,0,2,6,3,0,1,3,0,0,0,5,0,0,0,0,0,0,2,1,0,1,1,0,2,0,0,2,1,0,1,0,0,2,1,0,1,0,3,0,0,0,4,2,3,0,0,1,0,0,0,1,0,0,0,0,0,0,0,0,0,0,0,0,1,0,7,0,0,0,1,0,3,0,0,0,1,0,0,0,0,2,0,0,0,5,0,1,0,2,19,27,2,0,4,0,0,2,0,0,0,0,2,0,0,0,1,2,1,0,0,0,0,0,0,0,3,9,0,1,3,1,1,1,0,2,2,0,0,0,1,0,0,1,0,1,0,0,0,1,0,4,1,7,0,0,0,2,1,2,3,2,0,0,0,0,2,0,1,0,0,0,1,1,0,1,0,0,0,0,0,0,2,3,2,1,12,0,0,2,1,2,8,0,0,1,7,2,1,1,0,1,1,0,0,0,0,1,0,2,0,1,2,2,0,0,4,1,1,1,8,0,13,0,1,0,0,1,4,0,5,4,1,0,2,0,3,0,0,0,1,6,0,0,0,1,1,0,0,0,0,1,3,0,0,6,1,0,4,0,0,0,0,2,1,0,2,2,0,0,1,0,0,2,0,0,0,1,0,3,0,0,1,6,0,0,1,1,1,2,0,0,0,1,4,0,0,1,24,2,1,1,0,1,4,7,10,1,2,1,0,0,0,0,4,0,0,1,0,0,0,1,0,0,2,1,2,6,0,2,0,0,0,1,1,2,0,0,0,0,0,5,3,0,0,0,1,0,18,0,0,1,3,0,0,1,0,1,0,4,6,11,0,1,0,0,0,2,1,1,0,0,1,5,0,0,0,1,0,1,0,3,0,2,0,0,3,0,0,1,1,0,1,1,2,2,0,0,0,0,1,1,3,0,0,0,1,0,1,0,1,1,0,1,0,2,0,1,0,1,0,0,0,7,0,0,1,5,1,1,4,3,0,0,1,0,0,0,0,0,1,0,0,1,0,1,10,16,1,0,2,0,0,1,1,1,0,0,4,2,1,3,0,2,0,0,0,1,0,34,0,0,4,3,0,11,0,0,0,0,0,0,2,2,1,0,4,4,1,1,0,0,1,1,1,0,0,1,1,0,0,1,10,0,1,0,0,1,0,0,1,0,0,0,1,0,0,0,0,3,0,0,0,0,0,0,3,1,0,0,0,0,0,1,6,0,0,0,0,0,0,0,1,1,0,0,0,2,1,0,1,0,0,3,2,0,0,1,6,0,1,0,0,0,1,2,3,0,1,0,0,1,24,2,10,0,1,1,0,0,3,0,0,0,0,0,1,1,2,5,13,1,1,0,0,0,0,0,0,8,3,0,0,0,2,0,0,0,1,0,0,1,0,1,0,0,0,2,3,2,1,0,0,1,0,0,14,0,2,1,0,0,0,1,0,1,0,4,0,0,1,5,0,3,1,1,0,2,0,1,0,5,0,0,0,0,0,5,0,0,0,1,3,0,0,0,0,1,0,1,0,0,0,0,3,4,0,0,1,1,2,0,2,1,18,1,3,1,1,4,0,2,2,1,6,2,0,0,2
UpliftingNews,0,2,2,0,0,0,0,0,1,2,0,0,0,0,0,1,1,1,1,1,0,0,0,1,0,0,2,0,0,0,0,0,1,2,0,2,0,0,0,0,1,0,0,0,0,0,0,0,0,1,0,0,1,0,3,1,2,3,1,0,0,1,0,0,0,0,0,0,2,1,2,0,0,1,0,2,0,0,0,0,0,1,0,1,1,0,0,1,0,1,0,0,0,3,2,1,1,0,0,0,1,0,0,0,0,0,0,1,0,0,1,1,0,0,2,0,0,0,0,0,0,0,0,3,0,0,5,0,0,0,1,0,0,0,0,0,0,4,1,3,0,0,0,0,0,0,4,2,0,0,0,1,0,1,8,0,0,0,1,0,0,1,0,0,0,0,0,1,1,1,0,0,0,0,0,14,0,1,0,1,0,0,0,1,1,3,2,1,0,2,1,1,0,0,1,0,0,1,0,4,0,0,0,1,0,0,0,2,10,1,0,0,1,7,1,0,0,0,0,0,3,0,1,1,0,2,0,0,0,3,1,1,0,3,0,2,0,1,1,1,0,0,2,1,2,0,0,0,0,0,0,0,0,0,0,0,1,0,1,1,1,1,1,0,0,1,2,0,0,0,0,0,0,0,0,1,0,0,0,1,0,0,0,0,3,0,1,0,0,0,0,0,0,0,0,0,0,0,3,0,0,1,2,4,0,1,0,6,0,0,0,0,0,1,2,0,0,1,0,0,1,0,1,0,0,0,1,0,0,0,1,0,0,1,1,0,0,0,0,0,0,1,0,0,0,0,3,0,1,0,0,0,0,0,4,0,1,0,0,2,0,0,0,1,1,1,5,0,0,0,0,0,2,0,0,0,1,0,3,2,0,0,2,0,1,0,0,0,0,0,0,0,0,3,0,0,1,5,2,1,2,0,12,0,0,0,9,0,0,1,4,2,0,0,3,3,0,2,1,0,1,0,2,1,1,0,0,1,0,0,0,1,0,0,1,0,0,3,9,0,1,0,0,1,0,1,0,9,0,0,0,0,0,7,2,0,0,0,0,0,0,3,0,0,1,1,0,1,0,0,1,1,0,0,5,0,3,0,0,1,0,0,3,2,0,1,0,0,0,0,19,0,0,1,0,3,0,0,1,0,0,0,1,2,2,3,2,0,0,0,0,0,0,0,2,0,0,0,2,1,0,1,2,0,20,0,1,0,0,2,0,0,2,1,0,2,2,0,3,1,1,0,5,4,2,1,0,2,0,1,0,0,0,0,5,0,0,1,0,2,1,1,3,0,0,0,0,2,1,0,0,0,0,0,0,0,1,0,0,0,0,0,0,6,2,0,1,0,2,0,0,0,0,0,1,0,3,0,0,0,10,0,1,1,2,0,7,1,4,2,0,0,0,0,0,0,1,0,1,0,0,0,0,3,1,0,1,0,6,4,0,1,0,0,0,0,1,0,0,0,0,2,0,1,2,0,0,0,4,0,14,0,1,0,0,0,0,0,1,0,0,1,0,4,2,2,0,1,0,0,0,0,0,0,0,0,1,4,1,1,2,0,0,0,0,1,4,0,0,1,0,1,0,0,0,1,0,1,1,3,0,14,0,3,1,0,0,0,0,0,0,0,2,1,1,1,0,0,2,0,0,0,0,0,0,3,0,0,0,0,0,0,3,0,0,0,4,1,0,1,0,0,0,0,2,1,0,0,0,0,0,1,2,2,0,3,1,0,1,0,1,0,2,0,0,2,0,0,0,0,0,17,0,0,1,1,0,0,1,1,0,0,0,1,0,1,0,0,3,6,3,0,0,0,0,1,0,0,1,0,0,0,0,0,2,0,0,0,0,11,0,0,1,0,0,1,0,1,0,0,0,0,0,1,0,0,0,0,2,0,3,0,0,0,5,0,1,0,0,1,0,1,0,0,5,1,0,1,1,0,1,1,1,0,0,4,0,0,2,0,0,0,0,0,1,0,2,1,0,0,0,1,0,0,10,0,5,0,0,2,0,0,0,0,0,1,0,0,0,1,1,6,1,1,2,0,0,1,0,0,1,2,0,1,0,2,1,2,0,2,0,0,1,0,0,2,0,1,1,1,0,0,0,0,0,1,0,0,5,0,0,0,1,0,0,4,0,0,0,2,0,0,2,1,0,2,1,0,0,0,2,0,0,2,0,0,0,0,0,3,1,0,0,0,2,0,0,0,0,0,0,1,0,1,0,0,0,0,0,0,0,0,2,0,0,12,0,1,0,0,0,7,1,1,2,2,5,0,0,0,2
Damnthatsinteresting,0,4,0,3,3,3,0,0,5,0,2,0,0,0,0,0,0,0,1,0,1,0,3,1,0,0,0,1,1,0,2,0,1,0,0,1,0,0,0,0,0,0,6,4,0,0,0,0,0,0,2,0,1,0,3,0,1,0,1,1,1,0,5,0,0,0,0,2,4,0,0,0,0,2,0,0,0,0,0,1,0,2,0,0,0,1,4,0,1,0,0,0,0,4,1,0,2,0,0,0,1,1,0,1,1,2,0,3,0,0,3,0,6,0,0,0,2,0,0,0,0,0,0,1,0,0,1,0,1,1,1,0,0,2,0,0,0,1,0,0,0,0,0,0,0,0,2,0,0,0,3,0,1,0,10,0,1,2,0,0,0,1,0,2,0,0,0,0,1,1,0,0,1,1,2,7,0,0,0,0,0,0,5,0,0,0,3,0,0,0,0,0,0,0,0,0,0,0,1,0,2,0,1,1,0,1,0,4,0,5,1,0,2,5,0,1,2,1,0,2,2,0,0,0,0,1,0,0,7,1,0,3,1,0,5,1,0,1,0,1,1,0,0,15,1,0,0,0,0,0,2,0,0,0,0,1,0,3,1,3,0,0,0,0,1,0,3,2,0,0,0,0,0,1,1,0,2,0,0,11,0,0,0,1,0,1,0,3,0,2,0,0,0,0,2,1,0,1,2,0,2,0,1,1,0,0,0,0,0,1,4,1,0,2,0,0,0,0,0,1,1,1,1,2,0,0,0,0,1,4,3,3,0,0,5,0,0,1,0,0,2,2,0,1,3,0,0,0,0,0,0,1,0,0,0,0,1,0,0,0,0,0,0,1,0,2,0,0,0,0,0,0,0,0,0,0,0,0,5,0,0,0,0,0,1,2,1,1,0,0,0,0,0,1,0,0,0,7,0,5,0,12,10,1,0,0,3,0,0,2,0,1,0,4,4,1,2,0,0,0,0,3,0,0,1,0,0,0,0,4,0,0,3,0,0,0,5,0,0,0,1,3,2,0,0,1,0,1,2,5,0,0,0,0,1,6,1,1,0,0,6,0,1,0,1,0,0,1,1,0,1,2,0,1,2,0,0,0,0,1,0,0,4,0,0,0,0,0,0,0,2,1,1,3,0,0,1,0,7,1,0,0,0,0,2,5,1,0,0,0,0,0,0,1,0,0,0,2,2,3,0,0,2,1,11,1,2,0,0,0,0,1,3,2,0,1,6,1,8,0,0,0,2,1,1,0,0,1,0,2,0,1,0,0,6,0,0,5,0,0,1,0,1,1,0,6,0,3,3,0,1,0,0,0,0,0,0,1,0,0,0,0,0,0,4,0,0,1,0,3,0,1,1,0,1,0,10,0,0,1,15,0,1,1,0,0,2,0,1,1,1,1,0,0,0,0,4,1,2,0,1,0,1,3,0,0,0,0,5,5,0,0,1,0,0,0,0,0,0,0,0,0,0,0,2,0,0,0,1,0,12,1,0,5,1,0,0,0,2,0,0,1,0,3,1,0,0,2,0,6,0,0,0,1,2,1,6,0,2,0,1,0,0,0,0,0,0,0,1,0,0,0,0,0,0,1,0,0,0,3,1,0,1,0,0,0,0,1,0,0,1,0,0,0,1,3,0,2,0,0,0,0,0,0,0,5,0,0,1,3,0,2,15,2,0,1,1,1,0,0,0,0,1,0,0,1,0,0,0,1,1,0,1,0,0,0,0,0,0,0,1,0,0,0,1,2,2,0,0,1,2,12,0,0,0,0,0,3,3,0,2,1,0,4,0,0,0,1,1,5,4,1,1,0,1,0,0,0,0,1,0,0,0,0,2,0,9,1,0,3,0,0,2,0,0,0,1,0,0,2,0,0,0,0,0,0,0,2,4,0,0,0,1,1,0,0,1,0,0,0,0,0,1,0,7,0,0,0,0,4,1,0,0,0,1,1,0,0,0,0,0,0,0,0,0,0,2,0,1,0,1,0,0,0,15,1,3,0,2,0,0,0,3,11,1,3,0,0,1,0,1,6,8,0,1,2,0,1,0,1,0,7,0,0,2,0,0,0,0,0,1,0,0,2,0,0,3,0,0,2,1,1,0,1,0,1,5,0,5,0,1,1,0,0,0,6,0,0,0,0,0,0,0,0,0,4,6,9,3,0,0,0,4,1,0,1,0,1,0,5,1,0,1,1,2,0,0,0,0,0,0,0,0,0,0,1,0,0,0,2,0,0,0,0,0,1,8,1,2,1,2,12,1,0,3,1,23,3,1,0,2
politics,0,0,0,0,1,0,0,0,0,1,0,0,0,0,0,1,0,0,0,0,0,0,0,0,1,0,0,0,0,0,0,0,0,1,2,4,0,0,0,1,0,0,0,0,1,0,0,0,0,0,1,0,0,1,4,0,1,0,2,2,0,0,0,0,0,1,1,2,0,0,0,2,0,0,0,0,1,4,2,0,0,0,0,0,0,0,0,1,0,0,0,0,0,1,2,1,0,0,0,1,2,0,1,1,3,0,0,2,0,1,0,1,2,0,0,0,1,0,0,0,1,0,0,0,1,0,1,0,0,0,1,0,0,0,0,2,0,3,0,3,0,0,1,0,0,0,0,3,0,0,2,0,0,3,14,0,0,0,0,0,0,0,2,0,0,0,1,1,1,0,0,0,0,1,0,22,1,0,0,0,0,0,0,0,0,1,1,2,0,1,2,0,2,0,1,0,0,0,0,3,0,0,0,0,0,0,0,0,0,0,0,0,2,1,3,0,1,1,0,3,0,0,0,0,0,2,0,1,0,1,2,0,1,0,0,3,0,2,3,0,0,0,0,0,0,0,0,0,2,0,2,1,0,10,0,0,0,0,0,3,0,0,3,2,1,0,0,0,0,0,0,0,1,0,0,0,0,3,0,0,1,0,0,0,0,1,0,1,0,0,1,1,0,0,1,1,0,2,2,0,2,0,0,0,0,0,0,0,0,0,1,0,0,4,4,0,2,0,1,0,1,0,1,2,0,1,0,0,0,0,0,0,1,1,5,0,0,0,0,0,0,0,1,0,0,2,5,0,0,0,0,1,0,0,1,0,0,0,0,2,23,0,0,0,0,0,0,0,0,1,0,0,1,0,0,0,0,2,17,1,1,0,2,1,2,0,1,0,0,0,0,0,0,2,0,0,0,5,0,3,0,0,4,0,1,0,3,0,0,5,0,2,3,0,0,0,0,1,1,0,0,0,0,1,9,0,0,0,1,4,0,1,5,1,3,0,0,1,0,0,1,1,3,1,0,5,0,0,0,0,0,1,0,1,1,3,0,6,0,0,0,1,0,3,0,0,1,0,0,1,1,0,1,1,0,0,0,1,0,0,7,0,0,1,0,0,0,0,0,0,1,2,1,3,3,2,1,0,6,0,0,0,0,1,1,3,1,0,0,1,0,0,0,0,1,0,0,1,4,5,1,2,1,0,6,0,0,0,2,0,7,1,1,2,0,1,0,0,6,1,0,0,2,0,1,0,0,0,0,0,1,0,0,2,3,2,0,1,0,0,0,0,0,0,0,0,0,0,5,1,0,1,0,0,0,0,0,0,4,1,0,0,0,0,2,1,0,0,0,2,1,7,1,0,2,0,2,0,0,2,10,2,0,2,2,0,3,0,1,0,3,1,1,0,0,1,2,0,0,0,0,2,0,4,2,0,0,3,2,5,0,0,1,0,0,0,0,1,0,0,0,0,0,0,3,2,0,0,0,0,10,0,1,0,3,0,0,0,0,2,0,0,0,2,0,0,0,5,0,1,0,3,14,0,0,0,0,0,0,1,1,0,0,0,0,0,7,0,2,0,0,0,0,0,2,0,0,0,1,0,1,0,0,2,0,0,0,0,1,0,1,0,0,0,0,2,0,0,3,0,0,1,0,2,0,1,0,0,0,1,0,0,3,1,0,0,0,1,0,1,0,0,0,0,0,1,0,0,1,0,1,1,0,0,1,4,0,0,0,0,1,2,1,0,0,6,4,0,2,1,1,15,1,0,4,1,0,6,0,0,0,0,0,1,1,2,3,2,0,4,1,0,0,1,1,0,1,0,0,0,0,0,0,0,6,0,1,1,0,0,0,0,2,0,3,0,0,3,0,0,1,0,0,2,0,0,0,2,0,1,0,0,0,1,0,0,0,0,1,0,0,1,0,0,3,17,2,1,0,0,1,0,0,0,0,0,4,0,3,0,0,1,0,1,1,0,4,0,1,2,0,0,0,0,10,0,2,0,1,0,0,0,3,1,0,0,0,0,1,0,0,3,4,0,1,0,0,1,0,0,0,3,1,1,0,0,0,0,0,1,0,1,0,0,0,0,0,0,0,1,0,1,3,0,0,1,1,0,6,2,3,1,0,0,1,0,0,0,0,0,0,0,4,5,0,6,1,0,0,0,1,2,2,2,0,11,0,1,1,1,0,0,1,0,0,1,0,2,0,0,0,1,1,0,0,0,0,0,0,0,13,1,0,0,1,4,3,0,0,1,0,6,0,0,2,3,3,2,0,0,2
MurderedByWords,0,0,1,0,0,0,1,0,0,0,0,0,0,0,1,0,2,0,0,1,0,0,1,1,0,0,0,0,0,0,1,0,1,0,1,3,0,0,0,2,0,0,1,0,3,0,0,0,0,0,0,0,1,2,2,1,3,1,0,1,2,1,0,3,0,0,3,2,4,0,0,3,4,1,0,1,0,2,0,0,0,2,3,0,0,0,0,0,0,1,0,0,0,1,7,0,1,2,0,0,1,0,0,2,3,3,0,1,0,0,3,0,0,1,0,1,0,0,0,1,0,1,0,1,0,0,0,0,3,1,0,1,0,0,0,2,0,2,0,0,0,2,0,0,0,3,0,2,1,1,1,0,0,0,3,1,0,0,0,1,2,2,0,1,1,0,2,0,0,1,0,1,3,1,0,5,2,0,0,3,0,0,0,0,2,1,0,0,0,0,1,0,1,0,0,0,0,1,0,7,3,0,0,1,0,2,2,0,0,1,1,0,0,5,2,0,0,2,0,0,1,0,1,1,0,2,0,0,0,2,0,2,0,0,0,3,1,2,2,1,0,0,0,0,1,0,0,0,2,1,1,0,0,0,0,0,0,0,1,1,1,0,0,0,0,0,3,0,0,0,0,0,0,2,0,0,0,4,0,2,2,0,0,0,1,0,2,3,0,1,0,0,0,0,0,2,0,2,0,0,2,0,1,1,0,0,0,0,0,1,5,0,0,9,3,2,3,0,0,0,0,4,0,3,0,1,1,0,1,2,0,0,0,0,4,0,0,1,1,0,1,0,0,0,0,0,3,1,0,0,0,2,1,0,1,1,10,1,0,0,0,0,0,0,2,0,0,0,1,2,0,0,1,0,0,0,1,0,20,4,2,2,0,0,0,2,1,1,0,0,2,0,1,1,0,0,0,13,0,2,1,4,4,1,0,3,8,1,0,6,1,0,0,0,1,1,1,0,0,1,0,0,1,1,3,0,0,0,0,10,2,0,3,1,0,1,0,1,2,2,1,1,0,0,6,0,0,1,0,1,0,0,0,3,4,2,0,0,0,0,2,1,8,6,1,1,0,2,0,0,0,0,0,0,0,0,0,0,0,3,0,2,0,0,0,4,1,0,0,0,0,0,1,0,0,2,0,0,12,0,0,0,2,0,0,1,2,1,0,0,5,4,3,2,0,0,0,3,0,1,2,1,2,1,15,0,0,0,0,2,3,0,0,0,2,2,2,2,0,0,1,0,1,2,0,1,0,3,2,5,0,0,0,3,14,0,0,1,0,0,0,0,0,0,33,1,0,2,1,1,1,1,1,0,0,1,2,0,0,2,0,0,0,0,0,0,1,0,0,1,0,3,1,0,0,0,6,0,3,1,24,0,0,0,1,0,5,7,0,2,0,0,1,0,0,0,6,0,0,0,0,1,0,0,0,1,0,0,1,9,0,1,2,0,0,0,2,3,1,2,15,0,0,0,2,0,2,0,2,0,26,0,0,0,1,0,0,0,0,1,0,2,0,2,2,0,2,1,0,3,0,1,0,0,0,1,0,0,2,0,3,0,0,0,0,0,0,0,1,2,0,0,0,0,0,0,8,0,2,0,1,0,1,0,0,0,0,0,0,0,1,0,0,1,1,0,1,0,2,0,0,3,0,2,0,4,0,0,0,2,1,0,6,1,0,0,0,0,0,0,2,1,0,0,0,0,0,0,1,0,12,3,0,0,0,0,0,1,0,0,3,0,0,1,0,4,0,2,1,2,0,22,0,1,7,0,0,5,0,0,0,0,2,3,1,0,0,0,0,4,1,0,1,0,0,0,1,2,0,0,0,0,0,0,9,0,3,2,0,1,1,0,3,2,0,0,1,1,0,0,1,1,0,0,0,3,1,2,2,0,0,0,0,0,0,0,0,0,0,0,0,0,1,0,2,1,1,1,0,11,5,1,0,2,1,2,8,0,0,0,0,0,0,1,0,0,0,0,1,1,0,0,2,1,24,0,1,1,10,0,0,0,0,0,1,0,0,1,3,0,0,7,8,1,2,0,0,0,0,0,1,5,0,0,1,0,3,2,1,1,0,0,1,1,0,0,0,0,0,4,0,0,0,0,1,3,1,2,2,0,2,0,0,0,0,5,1,0,0,1,0,0,0,1,36,1,0,2,0,1,0,0,0,3,0,0,0,1,1,3,1,1,0,0,1,1,0,0,0,0,0,3,0,0,1,0,0,0,6,0,0,0,0,0,2,5,5,2,0,2,0,6,0,2,2,1,5,0,0,0,2
MapPorn,2,1,2,2,1,0,0,0,1,1,0,0,1,0,0,1,1,0,0,0,5,0,1,2,0,0,0,1,0,0,0,0,0,0,2,6,0,0,0,0,0,0,1,1,3,0,1,17,0,1,0,0,0,0,4,0,3,0,5,2,0,1,0,2,0,2,1,2,1,1,3,0,1,2,0,0,0,4,0,0,0,0,0,0,0,0,0,0,1,0,0,0,0,1,1,0,4,0,0,0,1,0,1,3,5,1,0,1,0,0,1,0,0,0,1,0,1,0,2,0,0,1,0,0,0,0,0,1,0,0,0,0,0,0,2,2,1,2,0,0,8,0,0,0,0,0,0,2,2,0,11,0,0,0,22,0,0,0,0,0,0,0,1,0,0,0,0,1,0,1,0,0,0,2,1,24,0,3,0,4,0,0,1,0,0,0,2,0,0,0,0,0,2,0,1,0,0,0,0,1,0,0,0,0,2,1,0,0,0,1,0,3,0,2,2,0,0,0,0,2,1,0,1,0,2,1,0,0,0,0,0,1,0,2,2,1,0,0,0,1,0,2,0,0,1,0,0,0,0,0,0,2,0,0,0,0,0,0,0,2,0,1,0,0,0,0,1,0,0,0,0,0,0,0,0,1,0,2,1,1,0,1,0,2,1,1,1,0,0,0,2,0,0,0,1,0,0,1,2,0,1,1,0,0,1,0,5,1,0,1,5,0,0,0,2,1,0,1,0,0,0,0,1,1,0,0,0,0,1,1,0,0,0,0,1,0,0,0,1,0,0,0,0,0,0,0,1,0,0,0,0,0,0,0,1,0,0,0,0,1,1,0,0,1,0,0,0,0,0,0,0,0,0,1,0,0,1,0,6,0,0,1,0,0,0,2,0,0,0,0,0,0,0,0,0,0,0,5,0,0,0,2,3,1,1,0,3,0,0,0,0,0,0,0,1,1,0,0,0,0,0,0,1,0,0,0,0,3,2,4,0,0,2,0,0,0,0,1,0,2,4,0,0,0,0,3,0,0,1,0,0,1,1,0,1,18,0,0,0,0,3,0,1,2,0,2,0,0,0,0,1,0,0,0,2,1,0,0,0,1,0,1,2,0,1,0,0,0,1,0,2,0,1,0,0,1,0,1,3,1,1,1,0,1,2,1,1,1,0,0,0,0,0,0,0,1,0,1,0,2,0,0,0,0,11,0,1,0,1,0,0,1,2,1,0,4,0,1,4,0,0,1,2,0,2,0,0,4,1,0,0,0,0,2,4,1,0,1,9,0,0,0,0,0,0,2,1,1,3,1,0,0,0,2,0,1,0,0,0,0,1,2,0,0,0,0,1,0,0,1,0,2,0,1,1,0,6,0,0,0,12,1,0,0,2,0,1,2,0,0,1,0,0,0,0,6,0,1,0,2,0,0,0,1,0,0,8,0,2,4,0,0,3,1,0,0,0,1,1,1,0,0,0,0,2,1,0,0,2,0,9,0,0,0,0,0,0,0,0,0,0,1,0,0,0,0,0,0,0,0,0,2,0,0,0,0,2,0,0,0,1,0,0,0,0,0,0,0,0,0,0,0,0,0,0,1,4,1,2,1,0,0,1,0,0,1,1,0,0,0,0,0,1,0,1,3,1,0,0,0,0,0,0,1,0,3,0,0,2,2,2,0,3,1,0,0,0,6,0,0,0,0,0,2,0,1,0,0,0,0,0,0,0,0,1,0,0,0,1,0,2,1,0,1,0,0,0,0,0,1,0,17,3,0,1,0,0,0,5,0,0,0,1,4,0,0,2,4,0,7,1,2,1,1,0,1,0,0,0,0,0,3,1,0,0,0,3,0,0,0,0,0,1,1,0,0,0,1,0,3,0,0,0,0,0,0,0,1,1,0,1,0,1,1,0,1,1,0,0,1,2,0,0,0,1,6,0,0,2,4,2,0,1,1,0,0,3,1,0,1,0,0,2,0,1,0,0,0,4,2,0,0,0,0,12,0,2,0,0,0,0,1,1,2,0,1,0,6,0,1,0,1,5,2,1,0,0,0,0,0,0,1,0,0,0,0,0,0,1,1,1,0,1,0,0,0,0,0,0,0,0,0,1,0,0,0,3,0,10,0,2,1,0,0,0,0,2,0,0,1,0,0,1,1,0,2,0,5,1,0,0,0,1,1,0,0,0,0,0,3,1,0,0,2,0,0,0,0,0,0,0,1,0,0,0,0,1,0,4,0,0,0,2,0,1,3,3,0,1,1,0,7,0,2,2,1,5,1,0,0,2
WomenInNews,0,0,0,0,0,0,1,0,1,0,0,0,0,2,0,0,0,0,0,0,0,0,0,0,0,0,0,0,0,0,0,1,0,0,2,3,0,0,0,0,0,2,1,0,0,0,0,0,0,0,0,0,0,0,1,0,3,1,1,3,0,1,0,0,1,0,0,1,2,0,0,0,0,1,0,1,0,2,1,1,0,0,0,1,0,0,0,1,0,1,0,1,4,1,1,0,0,0,0,0,2,0,1,1,2,0,0,0,0,0,1,0,1,0,1,0,0,0,1,3,1,0,0,3,0,0,0,0,0,1,0,2,0,0,0,3,0,0,0,0,0,0,0,0,0,0,0,11,0,0,1,0,0,0,16,0,1,0,0,0,0,0,25,0,5,5,1,0,0,0,0,0,0,0,0,15,0,0,0,0,0,0,0,0,0,0,1,4,0,0,0,0,1,1,2,0,2,0,0,1,0,1,0,0,0,2,0,0,0,0,0,0,1,1,4,0,0,1,0,0,0,0,0,2,0,0,0,1,0,3,0,1,1,0,1,0,0,0,0,0,1,0,0,0,1,1,0,0,0,0,0,0,22,0,0,1,0,0,1,1,0,0,0,0,0,0,1,0,0,0,0,0,0,0,0,4,4,0,0,1,0,0,1,0,0,0,0,0,0,0,3,2,0,0,5,0,0,0,0,2,1,0,1,1,0,0,0,0,0,0,4,0,0,1,0,1,1,0,1,1,0,1,0,1,0,2,0,0,0,0,0,0,0,1,3,0,1,0,0,1,0,0,1,0,1,0,3,0,0,1,0,1,0,2,1,0,0,0,0,0,0,0,0,0,0,0,1,0,1,0,0,0,0,0,0,0,0,1,7,0,0,0,0,0,2,0,0,0,0,0,0,0,0,0,0,0,0,5,0,0,0,0,6,2,0,1,3,0,1,1,0,1,0,0,2,0,0,0,0,0,0,0,0,0,7,0,0,1,0,2,0,0,2,1,1,0,0,1,0,0,1,0,0,0,2,0,1,1,1,0,0,0,0,0,1,1,0,1,0,1,0,2,3,0,0,1,0,0,1,1,0,2,0,0,0,0,0,0,0,0,1,0,0,0,0,1,0,0,0,0,1,0,2,19,1,1,0,0,5,0,0,0,0,0,1,1,0,0,0,0,0,0,0,0,1,0,1,0,1,0,0,0,2,0,6,0,0,0,2,0,0,0,3,1,0,0,1,0,0,1,0,0,2,0,0,1,0,2,0,0,1,1,0,0,5,5,0,4,0,0,0,0,0,0,0,1,0,2,3,0,0,0,0,0,7,1,0,0,0,0,0,0,0,0,2,1,1,0,0,0,0,1,0,0,0,0,2,0,1,1,23,0,1,1,0,0,3,4,0,0,0,1,0,0,1,0,1,1,0,0,0,0,0,0,0,2,0,1,0,10,0,0,3,0,0,0,0,1,0,0,0,0,0,0,1,1,0,0,0,0,8,0,0,0,6,0,0,0,0,0,0,2,0,4,0,0,1,1,0,3,0,1,0,1,2,0,2,1,1,0,0,0,0,0,0,0,2,1,1,1,0,0,0,1,0,1,1,0,1,0,0,0,0,2,0,0,0,0,2,0,1,0,1,0,1,1,1,0,0,0,0,0,0,2,1,2,0,0,0,1,0,0,3,11,0,0,0,1,0,0,0,0,0,0,0,0,0,0,0,0,0,0,0,0,0,6,0,0,0,0,3,0,0,0,0,2,0,1,0,1,0,29,0,0,1,0,0,5,0,0,1,0,1,0,1,0,0,1,0,0,2,1,0,1,1,1,1,1,0,0,0,0,0,0,0,0,2,2,0,0,0,1,1,1,0,1,0,1,0,0,0,0,0,0,0,0,1,5,3,0,0,0,0,1,0,1,0,0,0,0,0,1,0,0,1,1,0,1,1,2,4,0,0,1,0,0,1,0,0,0,2,0,1,0,0,0,2,0,0,0,0,0,0,0,23,0,0,0,2,0,0,0,0,0,0,0,1,0,0,1,0,3,6,1,1,1,0,0,0,0,0,2,0,0,0,0,0,0,0,0,1,0,0,0,0,0,0,0,0,5,0,0,5,0,0,0,0,0,4,0,3,1,0,0,0,0,0,0,16,1,0,0,1,0,0,14,1,1,0,0,0,1,0,3,0,0,0,0,4,1,2,0,2,1,0,0,0,0,0,0,0,0,1,0,0,0,0,0,2,0,0,24,2,0,1,3,7,2,0,1,0,2,0,0,0,0,3,1,0,0,2
facepalm,0,4,1,0,2,0,0,0,0,0,0,0,1,0,1,0,0,1,0,0,1,0,2,0,0,0,1,0,0,0,0,0,0,1,0,3,1,0,0,3,0,0,1,2,2,0,0,0,0,0,6,0,0,3,3,0,4,0,1,1,0,0,0,0,0,1,0,1,1,0,2,1,0,2,0,1,1,0,0,0,0,0,1,0,0,0,2,0,0,2,0,1,1,2,3,1,0,1,1,3,1,1,0,1,6,2,0,1,0,0,0,0,1,0,0,0,1,0,0,0,0,0,1,0,1,0,0,0,1,1,0,0,0,0,1,2,0,2,1,0,1,0,0,0,0,0,0,0,0,0,3,0,0,0,29,0,0,0,1,0,0,0,0,2,0,0,0,0,0,0,0,0,0,0,0,26,0,0,1,1,0,0,3,0,0,4,2,3,1,1,0,0,0,0,2,0,0,0,0,3,0,0,0,0,0,1,1,2,0,0,0,0,0,2,0,0,0,0,1,2,3,0,0,0,0,0,0,0,0,0,1,1,0,0,1,0,0,0,1,3,0,0,1,3,1,0,0,0,4,1,2,1,0,2,0,0,0,0,6,0,0,0,2,0,0,0,3,2,0,1,1,0,1,2,0,1,0,1,1,1,0,0,1,0,0,0,0,1,0,0,1,0,0,0,0,2,2,2,1,0,2,0,0,0,0,0,0,0,0,0,6,1,1,0,1,4,2,2,2,0,0,0,1,0,0,2,0,0,7,0,0,0,0,0,1,0,0,0,1,0,0,0,1,1,1,0,1,0,0,1,0,3,1,2,0,0,1,0,1,1,6,0,0,1,0,0,0,0,2,1,0,0,0,0,0,0,0,0,11,1,0,2,0,1,0,0,0,0,0,0,1,0,0,0,0,0,0,11,2,3,0,7,8,1,5,1,2,0,0,2,0,0,0,0,1,0,1,0,0,0,0,1,0,0,3,0,0,0,1,5,1,0,0,0,1,1,2,0,2,0,0,0,0,0,0,0,1,4,3,2,1,0,0,6,1,4,1,9,0,0,4,0,1,0,0,2,0,0,0,0,1,0,0,2,1,1,0,1,0,0,0,0,0,0,0,1,0,0,0,0,0,1,3,1,3,0,0,0,5,0,0,0,0,0,0,2,3,0,0,0,0,0,0,0,0,1,2,2,3,0,3,0,3,0,13,1,0,0,1,0,2,3,4,1,0,0,1,1,1,0,0,0,3,2,2,0,0,0,0,1,0,0,0,1,2,1,0,1,0,0,0,1,0,1,0,0,3,0,4,1,0,0,0,0,0,0,0,0,1,0,0,2,0,0,2,2,0,0,0,0,1,2,0,0,0,0,0,0,0,1,20,5,1,0,3,0,9,3,1,1,1,2,0,1,2,0,1,0,2,1,0,1,0,5,0,3,0,1,0,1,0,0,1,0,0,2,0,0,1,0,0,0,0,0,0,0,3,0,1,0,12,0,1,1,2,0,0,1,0,0,0,1,0,2,0,0,2,1,0,6,0,1,0,0,1,0,3,0,0,0,4,0,0,1,0,0,0,0,2,0,0,0,0,0,0,1,4,1,0,0,0,0,0,0,2,2,0,0,0,0,0,0,0,1,1,4,0,0,3,0,0,0,0,0,1,4,1,0,1,8,0,0,4,2,0,3,0,0,0,4,1,0,1,0,0,0,1,0,0,0,2,0,1,0,3,5,0,1,0,0,0,2,0,1,0,3,0,0,1,1,0,17,0,0,1,2,1,5,0,0,1,0,0,0,0,0,3,6,0,4,0,1,0,0,0,0,1,2,0,0,0,0,1,0,1,1,0,0,0,0,0,0,2,2,0,0,0,0,1,1,0,0,0,1,1,1,0,2,1,1,2,0,0,3,0,0,1,0,0,0,0,2,0,0,2,3,0,0,0,3,5,0,0,0,0,0,3,0,2,0,0,1,3,0,0,0,0,0,2,1,0,0,0,1,19,1,4,1,1,0,0,0,2,5,0,2,1,0,2,1,0,3,11,2,0,0,1,0,0,0,0,7,0,2,1,0,0,0,0,0,0,0,1,0,0,0,0,0,0,4,0,1,0,0,0,1,1,0,3,1,3,0,0,0,2,2,0,0,0,2,0,0,1,0,0,2,1,10,2,2,0,0,14,2,0,1,0,0,0,2,4,0,0,0,3,0,0,2,2,0,1,0,0,2,1,2,0,0,1,0,2,0,1,0,0,3,4,2,0,1,0,4,0,1,1,0,8,1,0,0,2
PoliticalHumor,0,0,0,0,0,0,0,0,0,0,0,0,0,0,0,0,0,0,0,0,0,0,0,0,0,0,0,0,0,0,0,0,0,0,0,4,0,0,0,0,0,0,0,1,0,37,0,0,1,0,0,1,0,0,4,0,1,1,0,0,1,0,1,0,0,0,0,1,0,0,0,0,0,2,0,0,0,0,0,0,0,0,0,0,2,0,0,0,0,0,0,0,1,1,1,0,0,0,0,0,0,0,3,0,1,1,0,1,0,0,1,0,0,0,1,11,0,0,0,0,0,0,0,0,0,0,1,0,1,0,0,1,0,0,0,2,0,1,0,0,0,0,0,0,0,0,0,1,0,0,3,0,0,0,2,0,0,0,0,0,3,0,0,0,0,0,0,0,0,0,0,0,0,0,1,0,0,1,0,0,0,0,0,0,0,1,1,0,0,3,0,0,2,0,1,0,0,0,0,0,0,0,0,0,0,0,0,0,0,1,0,0,0,2,0,0,0,0,0,1,3,0,0,0,0,0,0,1,0,1,0,1,0,0,0,2,1,1,1,0,0,0,1,0,0,0,0,0,0,0,0,0,0,0,0,0,0,0,0,1,0,0,0,0,0,0,1,0,0,0,0,0,0,0,0,2,0,1,0,0,0,1,2,0,0,0,0,0,0,0,1,1,0,0,0,0,0,0,0,0,0,0,0,0,0,0,0,0,0,0,1,0,0,4,0,0,0,1,0,0,0,0,0,0,0,0,0,1,0,1,0,1,0,2,1,0,0,6,0,0,1,0,0,0,0,0,1,0,1,0,0,2,0,1,2,2,0,0,0,0,0,0,0,2,1,1,1,0,1,0,2,0,0,0,0,0,1,0,7,0,1,0,0,1,0,0,0,0,1,0,1,0,0,2,1,0,0,2,0,1,0,0,5,0,0,0,6,0,0,2,0,0,0,0,1,0,0,0,0,0,1,0,1,0,12,0,0,0,17,3,0,1,1,1,0,0,0,0,0,0,0,0,0,3,0,0,0,0,0,0,0,0,0,3,0,1,0,0,0,0,0,0,0,0,0,1,0,0,0,0,0,0,1,0,0,0,0,1,0,1,0,0,0,0,0,0,2,0,0,0,1,0,0,0,0,0,1,0,9,0,1,0,0,0,0,0,0,0,4,1,0,0,1,0,2,0,1,0,3,0,0,2,1,2,11,0,0,0,0,0,1,0,0,1,0,2,0,0,14,0,0,0,0,3,0,1,0,0,1,0,2,0,0,1,5,3,0,2,0,0,0,0,1,0,0,0,0,2,1,0,0,2,0,0,0,0,1,0,0,0,0,0,0,0,0,1,0,0,0,1,1,0,0,0,0,1,1,0,0,2,13,0,1,0,0,0,1,14,4,2,0,1,1,0,2,1,0,0,0,0,2,0,1,0,0,1,0,2,0,10,0,0,0,0,0,0,0,0,0,1,0,0,0,0,0,2,0,0,0,0,12,0,0,0,1,0,0,0,5,0,0,0,0,0,0,0,1,3,4,1,0,0,0,0,0,0,0,0,0,1,0,0,0,0,0,0,0,0,3,0,2,0,0,0,0,2,0,0,0,0,0,0,0,0,0,0,6,0,0,0,0,0,0,1,0,1,0,1,0,0,0,0,0,0,0,4,0,0,0,5,0,0,3,0,0,0,0,5,2,0,0,0,2,0,0,0,0,0,0,0,1,0,1,0,7,1,0,0,0,0,0,0,0,0,0,7,0,0,0,0,0,21,0,0,1,0,0,1,0,0,2,0,0,0,0,0,0,0,0,3,2,1,0,0,0,0,0,0,1,0,0,0,0,0,3,1,4,0,1,0,0,0,0,1,0,0,1,0,1,0,0,0,0,0,0,0,0,1,0,0,0,0,1,1,0,0,0,0,0,0,0,0,0,0,0,0,0,0,0,0,1,0,0,0,0,0,3,0,0,0,0,0,0,0,0,0,2,0,2,1,0,0,0,0,13,0,1,0,1,0,1,0,2,0,0,0,2,0,0,0,0,3,5,4,0,0,0,0,0,0,0,5,0,0,0,1,0,0,0,0,0,0,1,0,0,0,0,1,3,1,1,0,24,0,1,0,0,0,0,0,0,0,0,0,0,4,0,0,0,0,1,0,0,1,0,0,0,0,0,0,0,0,0,0,0,0,2,0,1,0,0,0,0,0,0,0,2,0,0,0,0,0,0,0,0,0,0,0,1,0,0,1,2,0,0,0,1,0,0,0,0,7,0,1,0,1,1,0,0,0,2
technology,1,0,4,3,5,0,0,1,8,2,0,0,0,0,1,2,1,3,2,1,1,1,0,1,0,0,2,1,1,1,0,3,0,0,0,5,0,0,0,0,3,0,1,1,0,0,0,0,0,3,0,0,2,2,6,1,2,1,3,7,2,0,0,4,0,0,0,5,5,0,3,0,0,6,0,0,0,0,0,0,0,0,0,0,2,0,2,0,0,2,0,0,0,3,0,0,0,1,0,0,1,0,0,0,3,0,3,5,0,0,1,0,2,1,1,0,0,0,0,0,0,0,1,1,0,0,7,2,1,0,0,0,0,0,0,4,3,0,0,0,1,1,0,0,0,6,1,1,0,0,0,0,0,0,14,0,1,0,0,0,0,0,0,2,0,0,1,10,0,1,0,1,0,0,0,14,0,1,0,0,1,0,0,0,0,0,2,0,0,0,2,0,3,1,0,0,0,10,0,0,1,0,0,1,0,0,1,1,0,0,0,0,8,3,10,1,0,0,0,1,4,0,0,0,0,0,1,0,0,3,0,1,0,0,0,3,0,0,0,5,1,0,0,0,1,3,0,0,0,0,0,1,0,0,0,1,0,2,1,1,0,0,0,0,4,0,5,0,0,0,1,0,9,0,0,0,2,0,1,0,1,1,1,1,0,1,0,1,1,0,3,3,2,0,1,0,0,1,0,1,2,0,0,0,0,1,0,2,1,0,7,0,0,0,7,1,5,1,0,0,0,0,0,6,2,4,0,0,0,0,0,0,0,0,1,0,0,0,0,0,4,0,2,0,0,0,1,1,10,0,4,0,1,0,3,0,0,4,5,0,1,0,0,0,1,0,3,0,0,0,0,1,1,0,0,0,0,2,4,1,1,3,0,0,2,0,0,0,0,0,1,0,0,2,1,0,0,18,0,2,1,0,16,1,0,0,2,1,1,0,0,6,0,0,5,0,0,0,0,0,0,0,0,0,0,0,0,2,0,2,0,0,1,0,1,0,0,2,2,30,0,2,0,0,0,0,0,7,0,0,9,1,0,0,3,0,2,0,0,0,0,5,1,0,0,0,0,1,0,0,1,0,1,2,1,0,2,1,0,2,0,0,0,7,0,0,0,0,0,0,3,0,7,1,3,1,0,0,3,0,10,1,0,3,0,2,4,0,0,0,0,0,0,0,1,0,2,8,5,1,0,0,0,1,19,0,13,0,0,0,2,2,4,2,0,2,3,0,5,1,0,0,5,6,2,0,0,2,0,0,0,1,1,2,13,1,0,2,0,0,0,0,0,1,0,0,1,5,2,0,0,0,0,0,0,0,1,0,0,0,0,1,0,1,5,2,1,0,1,8,0,0,1,0,3,0,8,1,0,0,14,0,0,4,0,0,14,4,6,1,4,3,1,1,0,0,5,0,0,0,0,1,0,0,0,0,2,1,1,8,0,1,1,0,0,0,0,0,0,0,0,0,0,0,2,1,0,0,3,0,3,0,0,1,0,0,0,0,1,0,0,2,5,1,0,0,0,1,0,2,0,2,0,1,1,0,0,1,3,1,1,1,0,0,0,0,2,0,0,1,0,3,0,1,0,1,5,0,0,1,0,0,1,5,0,1,0,0,0,0,0,2,3,1,0,0,0,3,0,1,28,0,0,0,1,1,0,0,1,0,0,0,3,4,0,0,0,1,0,0,3,0,0,1,0,0,0,0,0,0,0,0,1,0,0,6,0,1,0,0,0,4,1,0,0,4,0,0,1,3,0,21,1,0,0,1,0,1,0,0,0,0,0,0,1,1,0,0,0,10,1,0,0,0,0,1,0,0,1,0,0,0,0,0,3,2,0,3,0,0,0,0,3,2,0,0,1,0,0,1,0,0,0,0,1,0,0,2,4,0,0,0,0,0,0,0,0,1,25,3,0,0,0,0,3,4,0,0,1,3,4,0,0,0,0,0,2,0,0,1,0,0,0,1,1,0,0,0,4,1,0,0,0,6,14,0,8,0,3,2,0,1,1,0,1,0,0,0,0,1,0,1,10,0,0,0,1,0,1,0,0,10,0,0,1,0,0,0,1,0,0,0,0,0,4,31,3,4,0,0,0,0,1,0,0,0,4,1,12,0,0,0,1,0,3,7,0,1,0,1,0,0,1,4,0,4,1,0,0,0,3,0,0,7,1,0,0,1,0,6,0,0,0,0,0,0,0,0,0,0,0,0,0,1,0,0,3,0,0,3,0,0,0,0,1,8,5,0,0,0,0,22,0,0,0,0,10,1,0,0,2
therewasanattempt,0,0,0,0,0,0,0,0,0,0,0,0,0,0,0,0,0,0,0,0,0,0,0,0,0,0,1,0,0,1,0,0,2,0,0,1,0,1,0,0,0,1,0,1,0,0,0,0,0,0,1,0,0,0,2,0,6,0,1,0,0,0,0,2,0,0,1,2,0,1,0,0,0,1,0,0,0,0,2,2,0,0,2,0,0,0,0,0,0,0,0,0,0,0,7,0,0,0,0,0,0,0,1,0,3,0,0,2,0,0,0,0,0,0,2,0,2,0,0,0,0,0,1,0,0,0,0,0,0,0,13,0,0,0,0,0,0,0,0,0,0,0,0,0,0,0,0,1,0,0,1,0,0,0,2,0,0,0,0,0,1,0,1,0,0,0,0,0,0,2,0,0,0,0,0,1,1,0,0,0,0,0,0,0,0,0,3,0,0,0,0,0,0,0,0,0,0,0,0,0,0,0,0,0,0,0,0,0,0,0,1,0,0,6,0,0,3,0,0,1,0,0,0,0,0,0,0,0,0,0,0,0,0,0,0,2,0,0,0,0,0,0,0,0,0,0,0,0,0,0,0,0,0,0,2,1,1,0,1,1,0,0,0,0,0,0,0,0,0,1,0,0,0,0,0,0,2,0,0,1,0,1,0,0,0,0,0,0,0,1,0,0,0,0,0,0,0,1,0,0,1,0,0,0,0,2,0,0,1,0,3,1,0,2,1,3,0,0,0,0,0,0,0,0,0,0,0,0,0,0,0,0,0,0,4,0,0,2,0,4,1,0,0,2,0,1,3,0,0,0,0,0,0,6,2,0,0,0,0,1,1,0,0,0,0,0,0,0,0,0,0,0,0,2,0,0,0,0,7,0,1,0,0,0,0,1,0,3,0,0,1,0,0,0,1,0,0,4,4,1,0,0,3,3,3,0,2,0,0,3,0,1,0,0,3,0,0,0,0,0,0,0,0,0,15,0,0,0,0,1,0,0,3,1,0,1,0,0,2,2,0,1,1,0,0,3,0,0,0,0,0,18,0,1,0,0,0,0,0,1,0,0,2,0,0,0,0,0,1,0,0,0,0,0,0,1,0,2,0,0,1,0,0,0,0,1,1,15,0,0,0,1,0,0,1,1,2,0,7,1,0,0,0,0,0,0,0,2,0,0,0,0,1,0,0,0,1,0,2,0,0,7,3,0,8,0,2,0,0,0,2,2,0,0,0,0,1,0,1,3,0,0,3,2,0,0,0,1,0,2,8,0,0,0,5,1,0,3,0,0,0,0,0,0,0,0,0,4,3,0,0,0,0,0,0,2,0,0,0,1,0,2,0,0,0,0,1,0,0,0,0,0,0,0,1,2,2,0,0,1,3,3,1,0,0,0,1,1,0,4,0,0,0,0,0,0,0,1,0,0,1,0,0,0,0,0,0,2,0,5,0,0,0,0,0,0,0,0,0,1,0,0,0,0,0,0,0,0,1,0,12,0,2,0,2,0,0,0,0,9,0,0,0,0,0,0,1,1,0,0,0,0,1,0,0,1,0,0,0,3,0,0,0,0,1,0,0,0,1,0,0,0,0,0,0,1,0,0,0,0,0,0,0,0,0,0,0,2,0,0,0,0,1,1,2,0,0,0,0,0,0,0,0,0,0,0,0,0,0,3,1,0,3,0,0,2,0,0,1,1,0,0,0,1,0,0,0,0,0,0,1,0,0,0,0,0,0,0,0,0,1,0,0,0,2,4,0,0,0,0,0,19,1,0,0,0,1,2,0,0,0,0,2,0,0,0,0,0,0,2,0,1,0,0,0,1,0,0,0,0,0,0,0,0,6,0,1,0,0,0,1,0,0,0,0,1,0,0,0,0,0,0,0,0,0,0,0,12,3,0,0,0,0,0,0,0,0,0,0,0,0,0,0,0,2,0,0,0,0,4,0,3,0,1,0,0,0,0,0,0,0,0,0,0,0,0,0,0,3,2,4,0,0,0,3,0,1,0,0,0,0,0,0,0,0,0,0,1,2,1,0,5,5,1,2,0,0,0,1,1,0,2,0,0,0,0,1,0,0,0,0,0,1,0,0,0,0,0,0,0,2,1,1,0,0,2,0,0,0,0,0,0,0,0,0,0,1,0,0,0,0,1,1,0,0,0,0,0,0,0,0,1,0,2,0,0,0,0,0,1,4,0,0,0,0,0,0,0,0,0,1,0,1,0,0,0,2,0,0,0,0,0,0,15,0,1,0,0,1,1,0,8,1,0,0,0,1,0,0,1,2
WitchesVsPatriarchy,0,0,1,0,0,0,0,0,0,1,2,0,0,0,1,0,1,0,1,1,2,1,1,1,0,1,0,0,0,0,1,1,5,5,4,11,0,0,0,0,0,0,1,1,3,1,0,0,0,0,1,0,1,1,4,0,7,0,0,0,0,1,1,0,1,3,1,2,3,1,1,0,0,2,18,2,0,0,1,0,0,0,7,0,3,2,0,1,3,2,0,0,0,2,5,0,0,0,2,0,1,1,2,0,4,0,0,0,0,0,0,0,0,3,1,0,0,3,0,0,10,0,0,3,0,0,2,0,0,0,1,0,0,1,0,1,0,2,0,1,0,0,1,0,0,1,0,8,3,1,2,1,0,0,13,1,0,0,0,0,0,0,1,0,3,0,0,1,3,0,0,1,3,1,0,12,1,0,0,1,0,0,0,0,2,8,5,2,0,1,1,0,4,0,2,0,0,2,1,1,1,0,0,4,0,2,0,0,0,0,0,0,0,6,2,1,1,5,0,0,1,1,0,2,3,2,0,0,0,2,10,0,1,1,0,1,0,0,0,0,0,0,1,0,0,1,1,0,0,0,0,0,0,0,0,8,1,0,1,1,2,1,1,1,0,0,2,0,0,1,0,0,0,0,0,0,1,0,0,3,1,0,0,1,0,1,0,1,0,0,2,0,0,0,1,0,0,3,0,1,5,1,4,0,0,1,0,0,0,0,6,0,2,3,0,3,4,1,0,0,2,0,0,0,1,0,0,0,1,1,0,2,0,0,2,0,1,0,0,1,2,0,0,0,0,2,1,0,4,1,1,2,1,1,3,0,2,1,0,0,0,0,1,3,0,3,0,0,0,1,3,0,1,1,1,0,0,0,5,1,1,0,0,2,4,0,0,0,0,0,0,0,0,0,2,0,0,26,0,4,0,3,6,1,3,0,7,2,0,3,0,1,0,0,4,0,0,0,0,4,3,0,1,0,1,1,0,0,3,4,2,2,1,2,1,1,0,1,2,0,0,7,0,1,0,1,0,3,0,0,0,0,0,15,1,8,1,0,0,2,0,0,0,2,0,0,0,0,0,0,1,0,0,0,0,0,0,4,0,0,0,0,2,0,2,1,4,0,0,0,0,0,4,0,1,2,0,1,10,3,0,0,0,0,0,2,0,3,0,0,0,0,0,1,0,0,3,0,1,4,0,1,7,0,15,0,2,1,2,4,2,3,1,0,0,0,3,0,9,0,0,3,7,3,0,0,0,5,1,3,0,0,0,3,13,1,1,10,2,1,0,2,3,0,0,4,2,2,2,1,0,5,1,0,0,1,1,2,0,0,0,1,1,0,2,3,2,0,0,5,1,0,0,0,0,0,2,0,0,2,16,3,0,0,3,2,7,8,4,3,0,1,0,1,2,0,1,0,1,2,0,0,0,0,0,0,3,0,1,6,0,0,0,0,2,0,3,0,0,1,0,26,0,1,2,1,2,0,2,0,38,0,1,2,2,0,0,0,0,2,2,2,1,9,0,0,0,4,2,11,0,0,0,0,0,1,0,0,1,1,6,1,1,0,0,3,0,0,2,0,3,0,0,0,1,0,3,0,0,1,1,0,3,0,0,0,2,1,5,27,1,0,6,0,0,0,0,0,0,3,0,0,1,1,1,12,1,0,7,3,1,1,7,3,0,0,0,0,3,0,0,0,0,0,0,0,0,0,0,0,2,4,14,0,0,0,0,1,0,2,1,0,0,0,1,8,1,0,0,0,0,34,0,0,2,1,1,12,0,1,1,0,0,3,0,3,1,0,0,5,4,1,2,0,0,0,1,0,0,1,0,2,0,1,2,1,2,1,2,0,0,0,1,0,1,0,1,0,0,0,2,2,1,1,2,0,0,3,7,1,0,25,0,0,0,1,1,1,1,0,0,3,0,0,6,1,1,0,0,10,6,2,1,1,0,4,1,1,0,0,0,0,0,1,1,0,1,2,3,0,1,0,0,2,16,0,7,0,6,0,0,1,0,0,0,0,0,0,2,1,0,10,12,0,2,1,0,0,0,10,0,13,0,0,0,0,0,1,0,1,1,0,0,2,1,0,0,0,0,5,0,1,0,0,0,1,0,1,8,2,3,1,1,0,0,7,0,2,0,2,1,0,1,0,0,5,2,2,0,0,2,6,0,7,0,0,3,1,0,2,0,2,2,1,0,1,3,0,0,1,0,0,0,0,0,0,2,0,4,0,0,1,1,0,0,9,7,0,2,0,0,6,1,0,2,1,4,2,0,0,2
pics,0,0,2,1,0,1,0,0,5,1,0,0,3,0,1,1,1,1,0,4,1,0,4,1,1,0,0,0,1,2,1,0,0,2,0,3,0,0,0,1,0,0,0,1,0,0,2,0,0,1,0,2,0,2,2,3,2,0,0,0,1,1,1,0,0,0,1,3,4,0,0,0,0,2,0,0,0,0,0,1,0,0,0,1,0,1,2,0,2,2,0,0,0,1,2,0,0,0,2,0,2,0,0,1,3,0,0,1,0,0,5,0,1,1,0,2,1,1,0,0,0,0,0,1,0,0,0,0,0,0,2,3,0,2,4,1,0,0,0,0,0,0,0,0,0,0,1,0,0,5,4,1,1,4,10,8,1,0,0,0,1,0,0,0,1,1,0,0,2,0,0,1,1,1,0,15,12,1,8,1,0,0,0,2,2,6,2,1,0,0,16,1,1,0,0,0,2,0,2,0,1,1,1,2,2,1,1,1,0,5,0,0,2,2,0,0,1,2,0,0,1,3,0,1,0,2,0,0,0,0,0,0,1,1,0,1,6,3,4,3,0,0,0,6,0,4,0,1,1,3,0,1,0,0,1,1,0,2,0,0,0,0,1,0,0,0,5,0,0,1,2,0,0,0,0,0,2,0,2,4,0,0,0,5,1,0,0,4,0,1,1,0,2,0,1,3,0,2,5,2,2,2,1,0,0,1,0,1,0,0,6,0,1,3,2,4,0,0,0,2,0,1,0,1,2,1,0,0,0,0,1,1,18,1,1,1,0,1,0,0,2,0,0,0,0,0,1,0,3,1,0,4,1,0,0,1,2,0,0,0,0,0,0,0,1,0,0,0,1,0,0,0,4,1,0,0,0,2,3,4,1,0,1,1,3,3,0,0,0,0,0,0,0,5,0,0,0,9,0,1,0,12,4,1,4,2,7,1,0,0,0,3,0,0,5,3,2,0,0,0,0,2,1,0,7,0,0,0,0,1,4,0,1,1,0,0,0,0,3,1,2,2,1,2,0,1,1,1,0,0,3,0,0,11,0,7,0,1,0,0,0,0,0,0,1,1,0,9,1,0,1,0,0,0,3,0,1,2,0,0,0,0,1,0,0,2,0,0,0,0,1,0,2,2,1,1,2,3,5,2,0,0,1,0,0,2,1,1,0,1,0,3,0,3,3,0,1,4,7,3,0,1,3,0,14,0,2,1,0,0,2,1,3,3,0,0,4,2,3,0,1,2,1,0,1,1,0,3,0,4,0,0,0,1,3,0,0,4,0,4,0,0,0,0,0,0,3,1,0,0,0,1,0,0,0,1,0,1,0,0,0,1,0,0,2,0,1,3,0,5,0,0,0,0,0,0,5,0,4,5,13,4,0,2,4,0,3,1,3,4,4,1,0,1,0,0,11,1,1,0,0,1,0,0,1,3,12,0,1,7,2,2,0,2,0,0,1,0,1,0,0,0,0,0,1,0,0,0,3,0,15,1,1,0,2,0,0,0,1,0,0,1,0,3,1,1,1,0,0,4,0,2,0,1,0,0,0,1,1,1,0,0,3,0,0,1,0,1,1,0,0,2,0,1,0,2,15,0,1,4,3,0,0,1,1,1,1,0,1,0,1,0,0,0,3,1,0,0,0,0,0,1,0,1,0,12,1,0,0,5,1,2,3,2,3,0,0,0,0,1,0,0,0,1,1,0,0,0,0,0,1,1,0,0,6,2,1,5,0,0,2,1,3,0,0,8,5,2,0,2,0,22,0,0,6,1,1,3,0,0,0,0,0,1,0,1,1,0,0,4,3,0,1,3,1,0,1,0,1,0,0,3,0,0,0,0,2,2,1,1,2,0,2,1,0,0,2,0,0,0,0,0,0,0,2,2,1,5,2,0,0,0,4,0,0,1,2,2,0,0,0,0,1,0,2,0,0,0,1,5,5,1,2,0,8,3,0,0,0,1,1,1,0,2,0,0,0,0,3,2,0,0,1,1,13,0,4,1,0,0,0,1,1,4,0,1,0,0,0,0,0,6,6,3,1,0,2,0,0,1,0,6,2,0,4,0,1,1,0,1,1,0,1,0,3,0,0,0,0,5,1,0,0,1,1,2,1,1,7,0,0,1,0,0,0,3,0,0,0,2,0,0,2,0,0,4,0,3,0,0,0,2,1,7,0,0,0,1,0,7,1,0,1,0,1,2,0,0,0,0,0,0,0,1,0,0,1,0,3,1,0,0,0,0,0,7,8,1,1,1,4,18,0,1,1,3,7,4,0,0,2
WatchPeopleDieInside,0,0,0,0,0,0,0,0,0,0,0,1,0,0,0,0,0,0,0,0,0,0,0,0,0,0,4,0,0,0,0,1,1,0,0,0,0,0,0,0,1,0,0,0,1,0,0,0,0,1,1,0,0,0,1,0,2,3,0,1,0,0,0,2,1,0,0,5,1,0,0,2,1,0,0,0,3,2,0,0,0,0,0,0,0,0,0,0,0,0,0,0,0,2,1,0,0,1,0,0,0,1,0,0,0,1,0,0,0,0,1,0,0,0,1,0,0,1,0,0,0,0,1,0,0,0,11,0,1,0,0,1,0,0,1,1,0,1,1,0,0,1,0,0,0,0,5,0,2,0,1,0,0,0,2,0,0,0,0,0,0,0,3,0,0,0,0,0,1,1,0,0,0,0,0,1,0,0,2,0,0,1,0,0,1,1,2,5,0,1,0,1,2,0,0,27,0,0,0,0,0,0,0,1,0,0,1,1,0,0,0,0,0,0,0,0,1,0,0,0,1,0,1,1,0,1,8,0,0,1,0,0,0,0,0,1,2,0,0,1,0,1,0,0,1,0,0,0,0,0,0,0,0,0,0,1,0,1,0,0,0,0,0,0,0,0,0,0,0,1,0,1,0,0,0,1,0,2,0,1,0,0,1,0,0,0,1,0,0,1,0,0,1,0,1,0,0,3,0,1,1,0,0,0,0,0,0,0,0,0,6,1,0,5,0,0,1,0,0,0,0,0,0,1,0,0,0,0,0,2,0,0,0,4,1,0,0,1,0,2,0,0,0,0,0,0,2,0,1,0,1,0,0,0,0,2,0,0,0,0,0,0,0,0,0,0,0,0,0,0,0,0,0,0,0,0,2,1,3,0,0,0,0,0,0,1,0,0,1,0,0,0,0,2,2,0,0,5,0,1,0,1,2,0,0,0,4,0,0,3,0,0,0,0,0,0,0,0,0,0,25,0,0,0,11,0,0,1,0,0,1,0,2,1,0,0,0,0,1,0,0,0,0,2,0,0,0,3,1,0,0,3,0,1,0,2,0,0,1,0,0,0,3,1,0,0,0,0,0,0,0,0,0,0,0,0,0,0,0,1,0,1,1,0,0,0,0,0,3,0,1,0,3,0,3,1,0,2,7,0,0,1,0,1,0,1,2,1,1,0,0,0,0,0,0,0,1,4,3,0,0,0,0,0,18,0,0,1,0,0,2,0,0,2,0,2,1,0,8,0,0,0,0,4,0,1,0,1,0,3,0,0,0,1,9,5,0,1,0,0,0,0,4,0,0,0,0,0,1,0,0,0,0,0,0,0,0,0,0,0,0,0,0,0,0,1,0,0,0,0,1,2,0,0,1,0,1,0,0,0,15,1,0,0,0,0,3,5,1,1,2,0,0,0,1,0,2,0,0,1,1,0,0,0,0,4,0,0,2,3,0,0,2,0,0,0,0,1,0,0,0,0,0,0,2,0,0,0,0,0,15,0,0,0,1,0,0,0,0,1,0,1,0,1,7,0,0,3,0,3,0,0,0,1,0,0,0,0,1,4,1,3,0,2,4,0,0,0,1,0,0,0,0,0,0,1,1,1,1,1,0,0,0,0,0,1,0,0,0,0,0,0,0,0,0,1,1,1,1,0,0,0,0,0,0,3,0,0,0,4,1,2,4,0,0,0,0,0,0,0,0,0,1,0,1,0,0,0,0,0,0,1,0,0,2,0,0,1,1,0,0,2,0,0,1,8,1,0,1,0,0,29,0,0,6,1,0,8,0,0,0,0,0,0,0,1,0,0,1,5,1,1,0,1,0,0,1,1,0,0,0,0,0,0,4,0,0,0,0,0,0,2,1,1,0,1,0,0,0,0,0,1,1,0,0,0,2,1,4,0,0,0,0,0,0,0,0,0,0,0,0,1,0,0,1,0,0,2,0,3,0,0,0,0,0,0,8,0,1,0,0,0,1,0,0,0,0,0,0,0,0,3,0,0,15,0,2,0,8,0,1,0,3,0,0,1,0,0,0,0,0,8,10,0,2,0,0,0,0,0,1,1,0,1,1,0,0,0,0,1,0,0,0,0,0,0,0,0,17,1,0,0,1,0,0,0,0,0,2,2,1,0,0,0,0,4,1,0,0,5,3,1,0,1,0,9,0,1,0,0,0,1,1,2,0,0,0,0,1,6,0,0,1,0,1,0,0,0,0,1,0,1,0,0,1,0,1,0,2,0,0,0,1,2,1,0,2,0,0,0,1,4,2,1,1,3,1,2,0,0,2
Conservative,0,0,1,2,1,1,4,2,1,2,2,1,0,0,1,1,0,0,1,0,3,1,0,3,0,2,1,0,1,3,0,1,0,1,2,7,2,1,0,0,2,0,5,4,7,1,3,0,0,0,1,1,1,2,8,0,3,0,1,2,5,0,0,1,3,1,1,1,3,2,3,0,3,0,0,1,0,0,0,0,0,1,1,0,0,1,0,0,0,0,0,0,1,1,2,2,1,1,1,0,2,5,1,1,7,1,1,5,0,0,3,3,3,0,0,0,0,0,2,0,0,1,2,2,0,1,1,0,4,0,0,0,0,0,0,1,0,6,1,0,0,0,2,0,2,2,7,4,0,3,6,1,3,0,35,0,0,0,0,1,2,0,1,5,0,0,0,0,1,1,0,0,4,2,0,46,1,0,4,3,0,0,2,0,0,3,4,0,2,0,2,0,3,2,0,0,0,0,0,4,3,2,1,3,1,1,0,3,0,2,0,0,2,3,1,0,0,0,0,2,4,0,4,0,0,2,3,3,0,1,1,0,0,1,2,0,1,4,1,4,0,0,1,1,3,4,0,1,0,0,0,0,0,0,0,1,1,1,0,5,2,1,1,0,1,0,2,0,1,0,0,0,2,0,1,0,0,0,2,17,0,0,1,1,0,0,2,1,0,0,0,1,3,2,0,2,0,6,7,1,4,5,13,6,0,1,0,4,2,1,9,1,0,1,0,3,2,0,3,3,4,2,2,4,0,1,1,0,1,0,0,0,0,0,2,2,0,1,1,0,1,0,0,0,4,0,3,5,1,0,0,4,0,0,2,0,1,0,0,0,0,0,1,0,2,1,4,1,2,1,0,1,4,3,0,0,1,0,0,4,1,0,2,1,3,3,1,1,0,0,1,3,0,1,0,0,0,12,0,4,1,14,9,3,1,0,3,1,0,4,0,7,0,4,2,6,1,0,1,0,2,0,1,0,3,0,0,1,0,11,0,0,2,0,0,1,4,0,1,1,0,2,1,2,6,0,0,1,0,0,0,0,2,3,1,12,1,1,0,3,3,1,0,1,0,0,0,3,1,0,1,1,1,2,2,1,0,1,0,1,0,1,1,0,0,6,0,0,0,0,0,0,2,1,0,1,1,0,5,0,0,0,1,1,1,3,4,1,0,2,5,2,0,0,0,2,2,3,6,0,0,3,3,3,14,0,1,2,0,0,0,2,3,1,0,0,2,2,4,0,1,0,3,1,0,0,0,6,2,4,0,0,2,1,12,4,0,7,0,2,1,6,1,2,0,2,0,1,3,0,2,0,0,0,0,1,1,0,0,0,0,3,0,0,4,2,0,1,1,7,2,0,0,0,0,0,3,0,0,0,23,1,1,1,10,0,9,6,10,0,1,1,0,0,0,1,2,0,3,4,2,0,2,4,0,1,5,0,3,4,0,1,1,0,2,0,0,0,0,0,3,1,3,1,2,2,3,0,3,2,12,4,0,1,1,1,0,2,0,0,0,0,1,6,2,2,1,1,0,4,3,3,0,5,5,2,2,2,1,1,10,0,3,0,1,2,0,0,2,2,0,0,0,0,0,3,5,1,1,3,0,2,0,2,0,0,1,0,7,0,0,2,0,2,6,1,0,1,1,2,0,0,0,0,0,4,1,1,1,11,0,0,1,2,1,0,3,0,0,0,5,0,0,0,1,1,1,0,0,1,8,1,3,0,1,0,2,2,1,1,1,0,3,0,1,1,1,0,0,2,0,34,0,0,4,4,2,6,0,4,1,1,0,4,4,13,0,0,0,7,0,2,0,1,0,0,0,0,0,1,0,0,0,2,2,0,4,0,1,1,0,3,3,1,0,0,0,0,0,1,1,1,1,4,0,1,2,1,1,0,2,0,1,1,0,0,2,0,0,2,0,0,1,0,4,1,0,0,2,9,2,1,0,0,1,2,0,0,0,0,0,1,0,2,1,0,2,2,1,0,1,0,1,0,23,1,4,3,2,8,0,1,4,2,1,0,0,0,6,1,4,15,13,2,2,1,0,1,0,2,0,13,0,1,2,0,1,0,0,0,0,0,0,0,0,0,0,0,3,1,3,1,0,0,0,0,1,0,11,0,4,0,0,0,0,9,0,0,0,3,1,1,0,1,0,10,1,11,1,0,3,1,7,6,1,1,0,0,1,2,1,0,3,0,0,2,0,0,0,0,0,3,0,1,0,2,0,0,2,1,0,0,0,0,1,5,14,0,2,1,0,11,0,3,5,3,20,2,2,0,2
interestingasfuck,1,0,0,0,0,0,1,0,0,3,0,3,0,0,1,1,0,0,0,1,3,1,0,1,1,4,1,0,0,0,0,0,0,1,1,0,0,0,0,1,0,0,0,1,0,1,0,0,0,3,4,1,1,3,3,0,0,1,0,0,3,3,0,2,1,2,0,1,3,0,2,1,0,0,0,0,0,0,0,0,0,1,0,1,4,1,1,0,0,1,0,1,0,6,5,1,1,0,0,0,1,1,2,0,0,3,0,3,0,0,1,0,1,0,0,0,0,0,0,0,0,1,0,0,0,0,11,0,1,1,2,1,0,1,0,0,0,1,0,0,3,0,0,2,5,0,6,1,0,0,3,1,1,0,7,0,0,2,1,1,1,0,0,4,0,0,0,0,0,0,0,0,4,3,0,10,0,1,13,3,0,0,0,0,0,4,5,0,0,0,2,4,2,0,1,0,1,0,0,1,2,2,1,1,0,5,2,3,0,1,1,2,1,2,14,1,0,0,0,1,2,0,1,0,0,3,5,0,1,0,1,1,2,0,2,1,1,0,1,2,2,1,2,0,1,2,0,1,0,0,0,1,0,0,0,2,0,1,0,2,1,0,5,0,1,0,2,0,0,0,0,1,0,2,0,0,1,0,0,0,0,0,0,4,0,0,0,0,3,0,1,0,4,0,0,11,0,4,35,0,1,3,0,2,0,0,0,0,0,3,8,0,0,2,3,4,1,0,0,0,1,1,0,1,0,9,2,1,1,1,0,2,0,0,4,1,0,0,1,0,2,0,0,1,3,1,0,1,4,0,0,0,0,0,0,0,0,0,0,0,0,0,0,0,1,0,2,1,1,1,4,0,6,0,16,0,1,0,3,11,0,1,0,0,0,3,1,0,0,0,1,12,0,3,0,2,9,7,0,1,3,1,2,0,0,0,2,0,0,2,0,0,0,5,4,5,0,2,2,0,1,6,1,0,0,0,0,0,0,0,0,0,0,0,0,0,1,0,0,1,3,0,0,2,0,0,0,1,1,0,0,0,0,13,3,1,0,0,0,1,0,0,1,1,0,1,0,1,1,1,0,1,1,2,4,0,2,1,0,2,0,0,0,1,0,0,4,0,0,0,1,1,0,1,1,0,0,0,3,0,0,0,0,3,1,2,0,0,1,0,0,0,0,0,1,0,3,4,4,3,1,2,0,0,9,0,2,1,1,0,1,2,0,0,1,1,0,1,5,0,0,0,3,1,2,2,0,4,0,3,0,0,1,0,8,0,1,2,1,1,1,1,1,0,0,0,1,3,4,1,0,0,0,0,0,0,0,0,0,0,0,0,0,0,0,0,0,1,1,3,0,0,1,0,0,0,5,1,0,1,20,1,0,1,3,0,3,1,4,2,0,0,1,0,0,0,3,0,57,1,0,1,0,1,0,1,2,0,0,8,0,0,0,1,0,3,0,1,0,0,0,0,6,1,1,3,1,0,0,0,11,9,1,0,0,0,0,0,0,1,3,4,0,1,9,0,0,3,3,2,1,5,0,1,1,0,0,0,0,2,21,0,0,0,0,0,0,1,2,0,4,3,0,1,0,1,8,0,2,4,0,0,1,0,1,1,0,2,0,0,1,1,1,1,1,1,1,0,4,1,0,0,0,0,0,2,0,7,0,1,0,0,5,2,1,0,1,0,4,3,3,0,0,1,0,0,0,1,0,0,0,0,0,11,1,0,3,0,0,0,1,0,0,0,0,0,0,0,3,0,0,20,0,2,1,1,0,7,1,1,2,0,0,0,0,0,0,0,1,5,3,2,0,1,1,1,0,1,0,3,2,0,0,1,4,1,4,0,0,1,1,0,3,2,1,0,0,0,0,0,0,0,0,10,5,1,0,1,2,0,1,0,1,0,0,0,0,0,0,0,0,0,1,0,0,2,1,1,0,3,2,1,0,0,0,0,4,1,3,0,1,1,1,2,0,0,1,0,3,0,0,0,7,0,22,0,3,0,0,3,1,5,1,0,1,0,0,0,2,0,0,2,4,3,2,2,0,0,1,1,0,3,0,1,1,1,0,0,0,3,0,0,1,0,0,0,2,0,1,1,0,0,0,1,0,1,1,2,8,1,0,0,1,8,0,6,1,0,0,1,0,0,0,2,0,6,1,0,0,0,7,1,3,7,0,0,4,0,1,7,0,0,1,0,1,0,4,1,0,0,0,1,0,3,1,0,0,0,3,0,0,0,1,0,0,4,3,0,1,0,0,5,1,3,1,4,10,3,3,0,2
MarkMyWords,0,0,1,0,1,0,2,0,1,0,0,0,0,1,0,1,1,1,0,1,2,0,0,1,0,0,2,1,0,0,0,0,0,1,0,2,0,1,0,2,0,2,1,3,0,0,0,0,0,0,4,0,0,8,5,1,1,0,1,3,2,0,1,1,1,0,0,2,11,2,1,0,0,1,0,0,2,0,0,0,0,1,0,1,0,1,1,0,0,2,0,0,0,3,3,0,0,1,0,0,3,0,0,0,4,1,0,5,0,0,3,0,0,2,1,0,7,0,0,1,0,1,1,0,1,0,4,0,3,1,10,1,0,0,0,1,11,2,1,0,1,0,2,0,0,0,1,0,0,0,6,1,0,2,62,0,0,0,1,0,0,0,0,0,0,0,1,2,0,0,0,0,1,3,0,46,0,1,0,0,1,0,0,1,0,0,0,0,0,1,3,0,1,0,0,0,0,0,2,3,1,0,0,1,1,3,0,0,0,0,0,0,0,6,3,1,4,2,1,0,2,0,0,0,0,0,8,0,2,0,2,1,0,0,1,5,0,1,2,3,0,0,0,1,0,1,0,2,0,1,2,0,0,0,0,2,0,0,1,1,0,0,1,6,0,0,1,2,0,2,0,3,1,2,1,0,1,1,1,2,0,0,0,0,0,0,0,1,0,0,1,1,1,2,3,0,0,1,0,0,7,4,1,0,0,1,0,2,0,0,8,5,0,1,8,1,6,1,3,0,5,0,0,2,1,0,1,1,0,0,0,1,0,1,2,3,0,1,0,0,3,0,0,1,2,0,4,0,3,0,1,0,0,43,4,1,0,1,0,2,1,0,1,2,1,0,3,4,1,0,0,1,2,0,0,0,0,1,3,4,1,0,2,3,0,2,1,1,0,0,0,0,0,1,0,0,0,16,0,2,0,1,8,5,0,0,7,0,1,2,0,4,2,0,0,0,0,2,0,0,0,0,0,2,2,1,0,1,0,9,2,0,1,0,0,0,2,1,0,2,3,1,0,0,0,4,0,0,1,0,0,3,0,0,1,3,1,5,0,0,0,2,0,2,0,0,1,1,1,1,1,0,0,0,0,0,0,0,0,3,3,0,4,0,1,3,0,1,0,0,0,0,0,0,1,2,0,2,10,0,3,0,0,1,0,3,4,1,0,2,0,0,0,0,0,0,1,0,2,2,2,2,1,1,11,0,0,1,1,1,3,1,2,3,2,0,5,0,3,0,0,1,3,0,2,0,0,4,1,4,1,1,0,1,6,4,8,3,1,0,1,1,0,0,0,2,0,5,2,0,0,2,0,2,0,0,1,0,0,0,1,0,0,0,10,2,1,0,0,10,2,1,3,0,1,0,3,1,0,1,23,1,0,1,6,0,10,0,2,0,2,0,1,0,2,0,8,0,0,0,0,1,1,0,0,1,3,0,0,4,0,0,0,1,2,0,0,0,0,1,0,0,0,1,1,1,2,0,2,0,30,1,0,0,3,0,0,0,1,2,0,2,0,0,1,0,1,0,0,6,1,1,0,0,0,0,1,0,1,0,1,0,1,0,0,1,1,0,0,3,0,1,0,0,0,1,4,1,0,1,0,1,3,0,0,3,0,1,2,0,0,0,1,3,3,0,1,0,0,0,0,3,1,0,1,3,0,0,1,3,1,1,4,6,1,3,0,0,0,1,0,2,1,0,1,2,2,0,1,0,0,0,0,0,0,2,0,1,0,0,1,0,1,1,1,8,0,2,0,1,0,23,0,1,2,0,1,5,0,0,0,0,0,0,1,1,1,1,2,1,1,1,1,0,0,0,1,0,0,3,2,0,0,1,5,1,2,0,0,2,0,0,4,4,0,1,0,0,0,0,0,1,0,0,1,2,1,5,5,1,1,0,0,1,0,0,0,0,0,3,0,1,0,0,8,6,0,2,0,7,3,0,1,1,0,1,2,0,0,0,1,0,1,1,0,0,0,0,2,2,1,0,0,0,23,1,3,0,2,3,0,0,3,1,1,0,2,1,1,1,1,9,8,1,1,1,0,0,1,1,0,11,1,0,1,2,2,0,0,0,1,2,0,1,0,0,0,0,1,4,1,1,4,1,0,0,0,1,5,0,2,1,1,0,1,2,0,0,0,3,0,0,3,3,0,5,0,1,0,1,0,0,6,10,1,2,0,1,0,3,1,3,1,0,0,0,0,0,0,0,5,0,0,6,1,1,0,1,1,3,1,1,0,1,1,1,4,2,3,0,0,15,0,2,0,1,13,0,3,1,2
PeterExplainsTheJoke,0,0,0,0,0,0,0,0,0,0,1,0,0,0,0,0,0,0,0,0,0,0,1,0,0,1,1,0,0,0,0,0,0,1,1,3,2,1,0,0,0,0,0,0,0,0,0,0,0,0,0,0,1,2,1,1,0,0,0,0,2,0,5,2,5,0,0,0,0,1,1,0,0,0,0,2,0,4,0,0,0,0,0,0,4,0,0,0,0,0,0,1,0,1,3,0,1,0,0,0,0,0,0,0,0,1,0,0,0,0,2,0,0,0,0,0,0,0,1,0,2,0,1,0,0,0,0,0,0,1,0,0,0,0,0,3,0,2,1,0,0,8,0,0,0,0,1,1,0,0,5,0,0,0,50,0,0,0,0,0,2,0,0,0,0,1,0,0,0,0,0,0,0,0,0,53,0,0,0,0,0,1,0,0,0,1,0,1,1,0,0,1,4,0,1,0,0,0,0,0,1,0,0,0,0,2,1,2,0,0,1,0,0,2,0,0,0,0,0,0,10,0,2,0,0,0,0,0,0,0,0,0,0,0,0,0,0,0,1,0,0,1,1,0,0,0,0,0,0,0,0,0,0,0,0,2,0,0,0,2,0,0,0,0,1,0,0,0,0,0,0,1,0,0,0,0,0,0,0,2,1,0,8,0,0,0,0,0,0,0,0,0,0,0,1,2,0,1,1,0,0,0,2,0,0,0,0,0,0,0,3,0,0,0,1,1,1,0,0,0,0,1,0,1,1,0,1,0,0,0,1,0,0,0,1,1,0,0,0,0,1,0,0,0,0,0,0,1,2,0,0,4,1,0,1,0,2,0,0,3,0,0,0,0,0,1,0,0,0,0,4,0,0,1,0,0,0,0,3,0,0,2,4,0,1,0,0,0,0,0,0,0,0,0,0,0,0,0,1,1,1,0,6,0,2,1,0,1,0,2,0,0,0,0,0,0,0,0,0,0,0,0,2,0,3,0,0,2,0,0,0,0,0,0,0,0,0,0,3,0,1,0,0,0,0,0,0,0,0,0,0,2,0,6,1,29,0,0,0,1,1,0,0,1,0,3,0,1,0,0,0,0,0,0,0,0,0,1,0,10,0,0,0,0,0,1,5,0,0,0,1,11,0,0,7,0,1,0,2,0,0,0,0,10,0,1,0,0,0,0,0,1,0,0,2,0,0,2,3,6,0,0,2,0,9,0,0,2,0,0,0,0,4,3,0,1,0,1,0,0,1,0,2,3,0,2,0,4,2,6,0,1,0,0,12,7,0,2,0,0,1,1,0,0,0,0,0,4,1,0,0,0,0,1,1,0,0,0,0,0,0,2,0,1,0,1,1,0,0,5,0,0,0,0,1,3,2,0,1,0,13,2,1,0,0,1,1,1,3,0,2,0,0,1,0,0,4,0,0,5,1,0,0,5,0,1,1,0,0,7,0,1,0,0,1,0,0,0,0,0,0,0,3,2,0,0,0,0,0,0,24,0,1,0,1,0,0,1,1,0,4,1,1,0,0,0,1,2,1,0,0,0,0,0,0,0,6,0,1,2,0,0,0,0,0,0,0,0,3,1,4,0,0,0,0,1,4,1,1,3,0,0,0,0,0,0,0,0,0,0,0,0,0,0,0,2,0,0,2,0,0,0,0,0,0,2,0,0,3,2,0,1,2,2,1,0,0,0,5,1,3,0,1,0,1,0,2,0,0,0,1,2,2,0,2,0,0,11,0,0,2,0,2,0,1,2,6,0,1,0,0,26,1,0,1,0,0,2,0,0,0,0,0,0,0,21,4,0,1,3,0,0,0,2,0,0,0,0,0,1,0,1,42,0,0,0,0,0,0,0,0,2,2,0,0,0,0,1,0,0,0,0,0,0,4,33,0,1,6,1,3,0,2,0,0,1,1,0,0,0,0,0,0,0,0,0,0,0,0,0,2,0,0,1,0,1,0,0,1,0,0,1,0,0,0,0,0,2,5,1,4,0,0,0,13,0,1,0,2,0,1,0,2,0,0,0,0,0,1,0,0,6,12,1,7,0,1,0,1,0,3,1,0,1,1,0,0,0,1,2,0,0,0,0,0,0,0,0,0,3,1,0,0,1,0,3,1,0,0,0,0,0,0,0,0,3,0,0,0,0,0,0,0,0,0,3,0,1,0,0,1,0,2,4,0,0,4,0,0,3,1,0,0,1,0,0,4,0,0,0,0,0,0,0,0,0,0,0,2,1,0,0,0,0,0,2,2,1,0,0,1,2,0,1,0,0,0,0,0,0,2
